skola	NM	nazov	mesto	ulica	N	N_ZZ	N_SZP	N_C	znamka	uspes	ptil_skol	N_úspM	dlzka_studia	interní N	interní PÚ	externí N	externí PÚ	GYM_4 N	GYM_4 PÚ	GYM_8 N	GYM_8 PÚ
611,001	168	Gymnázium	Bratislava	Bilíkova 24	27	0	0	0	2.4	90	99.2	27	4/5/2008	27	90	—	—	2	81.7	6	84.4
611,002	115	Gymnázium	Bratislava	Grösslingová 18	70	7	0	0	1.7	70.2	83.6	70	4/8	70	70.2	—	—	51	66.9	19	79.3
611,003	38	Základná škola a Gymnázium s VJM	Bratislava	Dunajská 13	13	0	0	0	2.2	45.4	—	12	4	13	45.4	—	—	13	45.4	—	—
611,004	44	Gymnázium	Bratislava	Hubeného 23	14	0	0	0	1.6	66.2	—	14	4/8	14	66.2	—	—	4	54.2	10	71
611,005	57	Gymnázium I. Horvátha	Bratislava	I. Horvátha 14	16	1	0	0	2.3	48.3	18.9	12	4	16	48.3	—	—	16	48.3	—	—
611,006	124	Gymnázium	Bratislava	Ladislava Sáru 1	18	0	0	0	2.2	58	36.1	17	4/5/2008	18	58	—	—	13	61.8	5	48
611,007	81	Gymnázium A. Einsteina	Bratislava	Einsteinova 35	14	0	0	0	2.1	48.3	—	12	4/5	14	48.3	—	—	11	47.9	—	—
611,008	189	Gymnázium	Bratislava	Metodova 2	35	3	0	0	2.5	69	79.5	35	4/5/2008	35	69	—	—	27	65.4	8	81.3
611,009	177	Spojená škola - Gymnázium J. Hronca	Bratislava	Novohradská 3	115	2	0	0	1.5	73.7	93.4	115	4/5/2008	115	73.7	—	—	47	70.9	42	77.3
611,010	84	Gymnázium L. Novomeského	Bratislava	Tomášikova 2	33	0	0	0	2.1	65.2	60.7	33	4/8	33	65.2	—	—	21	64.8	12	65.8
611,011	106	Gymnázium Jána Papánka	Bratislava	Vazovova 6	27	2	0	0	2.3	65.6	64.8	26	4/8	27	65.6	—	—	14	60.7	13	70.8
611,012	53	Športové gymnázium	Bratislava	Ostredková 10	7	0	0	0	2.3	45.7	—	5	4/8	7	45.7	—	—	5	43.3	2	51.7
611,013	6	Gymnázium pre žiakov s TP	Bratislava	Mokrohájska 3	1	—	—	—	—	—	—	—	4	1	—	—	—	—	—	—	—
611,014	103	Gymnázium F. Garcíu Lorcu	Bratislava	Hronská 3	8	1	0	0	2	56.7	—	8	4/5	8	56.7	—	—	7	60	—	—
611,015	48	1. súkromné gymnázium	Bratislava	Bajkalská 20	23	0	0	0	1.5	73.2	92.6	23	4/8	23	73.2	—	—	11	71.2	12	75
611,016	46	Evanjelické lýceum	Bratislava	Vranovská 2	6	0	0	0	2.2	60	—	6	5	6	60	—	—	—	—	—	—
611,017	80	Gymnázium Matky Alexie	Bratislava	Jesenského 4/A	29	0	0	0	1.2	65.2	61.5	27	4/8	29	65.2	—	—	17	62.7	12	68.6
611,018	25	Súkromné gymnázium Mercury	Bratislava	Zadunajská cesta 27	3	0	0	0	1.7	47.8	—	2	5/8	3	47.8	—	—	—	—	3	47.8
611,019	71	Gymnázium	Bratislava	Pankúchova 6	11	0	0	0	—	80	—	11	5/8	11	80	—	—	—	—	9	83.7
611,022	149	Súkromné gymnázium	Bratislava	Kremnická 26	14	0	0	0	3.2	36.9	—	6	4	1	—	13	37.2	14	36.9	—	—
611,023	52	Súkromné gymnázium	Bratislava	Vážska 32	2	0	0	0	1	53.3	—	2	4/8	2	53.3	—	—	2	53.3	—	—
611,025	41	Gymnázium sv. Uršule	Bratislava	Nedbalova 6	12	0	0	0	2.1	57.5	—	12	4/8	12	57.5	—	—	2	48.3	10	59.3
611,026	13	Spojená škola sv. Rodiny - Gymnázium	Bratislava	Gercenova 10	3	0	0	0	1.7	62.2	—	3	4	3	62.2	—	—	3	62.2	—	—
611,030	8	Spojená škola sv. V. de Paul - Gymnázium	Bratislava	Bachova 4	3	0	0	0	1	71.1	—	3	8	3	71.1	—	—	—	—	3	71.1
611,031	47	Spojená škola - Gymnázium	Bratislava	Tilgnerova 14	21	0	0	0	1.6	72.2	89.3	21	5/8	21	72.2	—	—	—	—	11	72.7
611,033	33	Spojená škola de La Salle	Bratislava	Čachtická 14	10	1	0	0	2.5	59.3	—	9	4/8	10	59.3	—	—	5	61.3	5	57.3
611,040	79	Gymnázium	Malacky	1. mája 8	27	0	0	0	2	71.9	88.5	27	4/8	27	71.9	—	—	17	70.8	10	73.7
611,041	29	Gymnázium sv. F. Assiského	Malacky	Kláštorné námestie 1	8	0	0	0	2.1	43.8	—	6	4	8	43.8	—	—	8	43.8	—	—
611,042	37	Gymnázium Karola Štúra	Modra	Námestie Slobody 5	13	0	0	0	—	61.5	—	13	4/8	13	61.5	—	—	2	48.3	11	63.9
611,043	58	Gymnázium	Pezinok	Senecká 2	16	0	0	0	1.5	71	84.4	16	4/8	16	71	—	—	7	63.8	9	76.7
611,045	47	Gymnázium A. Bernoláka	Senec	Lichnerova 69	4	0	0	0	—	68.3	—	4	4/8	4	68.3	—	—	1	46.7	3	75.6
611,047	100	Bilingválne gymnázium C. S. Lewisa	Bratislava	Haanova 28	15	1	0	0	1.7	61.8	—	15	5	15	61.8	—	—	—	—	—	—
611,049	23	Škola pre mimoriadne nadané deti a gymnázium	Bratislava	Teplická 7	10	0	0	0	1	77.7	—	10	8	10	77.7	—	—	—	—	10	77.7
611,051	31	Súkromné gymnázium	Bratislava	Česká 10	2	0	0	0	2	70	—	2	5	2	70	—	—	—	—	—	—
611,052	18	Spojená škola sv. Františka z Assisi	Bratislava	Karloveská 32	6	2	0	0	1.5	81.1	—	6	4	6	81.1	—	—	6	81.1	—	—
611,055	30	Súkromné gymnázium Galileo School	Bratislava	Dudvážska 6	2	0	0	0	2	55	—	2	5	2	55	—	—	—	—	—	—
613,008	39	Súkromná stredná odborná škola	Bratislava	Exnárova 20	1	—	—	—	—	—	—	—	2/4	1	—	—	—	—	—	—	—
613,201	56	Stredná priemyselná škola strojnícka	Bratislava	Fajnorovo nábrežie 5	2	0	0	0	2.5	30	—	1	4	2	30	—	—	—	—	—	—
613,301	50	Stredná odborná škola chemická	Bratislava	Vlčie hrdlo 50	4	0	0	0	2	34.2	—	2	4	4	34.2	—	—	—	—	—	—
613,801	66	Stredná odborná škola polygrafická	Bratislava	Račianska 190	1	—	—	—	—	—	—	1	4	1	—	—	—	—	—	—	—
614,701	47	Stredná odborná škola informačných technologií	Bratislava	Hlinická 1	12	1	0	0	2.4	23.1	—	3	4	12	23.1	—	—	—	—	—	—
616,004	124	Hotelová akadémia	Bratislava	Mikovíniho 1	1	—	—	—	—	—	—	—	2/4/2005	1	—	—	—	—	—	—	—
616,102	135	Obchodná akadémia I. Karvaša Bratislava	Bratislava	Hrobákova 11	3	0	0	0	1.3	25.6	—	—	4/5	3	25.6	—	—	—	—	—	—
616,103	51	Obchodná akadémia	Bratislava	Dudova 4	1	—	—	—	—	—	—	—	4	1	—	—	—	—	—	—	—
616,104	77	Obchodná akadémia	Bratislava	Nevädzova 3	1	—	—	—	—	—	—	—	4/8	1	—	—	—	—	—	—	—
618,303	83	Stredná priemyselná škola elektrotechnická	Bratislava	Zochova 9	28	4	0	0	3	38.8	11.5	18	4	28	38.8	—	—	—	—	—	—
618,304	108	Stredná priemyselná škola elektrotechnická	Bratislava	K. Adlera 5	60	2	0	0	2.7	44.8	16.4	45	4	60	44.8	—	—	—	—	—	—
618,305	78	Stredná priemyselná škola elektrotechnická	Bratislava	Hálova 16	23	2	0	0	2.3	29.6	5.7	10	4	23	29.6	—	—	—	—	—	—
618,401	40	Stredná odborná škola dopravná	Bratislava	Kvačalova 20	1	—	—	—	—	—	—	1	2/4	1	—	—	—	—	—	—	—
621,001	30	Gymnázium Ladislava Dúbravu	Dunajská Streda	Smetanov háj 285/8	7	0	0	0	1.1	63.8	—	7	4/8	7	63.8	—	—	2	68.3	5	62
621,002	86	Gymnázium Ármina Vámbéryho s VJM	Dunajská Streda	Námestie sv. Štefana 1190/4	12	0	0	0	1.3	94.7	—	12	4	12	94.7	—	—	12	94.7	—	—
621,003	37	Gymnázium M. R. Štefánika	Šamorín	Slnečná 2	16	0	0	0	1.9	71	84.4	16	4/8	16	71	—	—	8	70.8	8	71.3
621,004	47	Gymnázium Imre Madácha s VJM	Šamorín	Slnečná 2	26	0	0	0	1.9	51.3	21.3	22	4/8	26	51.3	—	—	20	44.5	6	73.9
621,005	19	Gymnázium Mateja Korvína s VJM	Veľký Meder	Bratislavská 38	3	0	0	0	1.3	46.7	—	3	4	3	46.7	—	—	3	46.7	—	—
621,006	62	Gymnázium Janka Matúšku	Galanta	Štvrť SNP 1004/34	20	1	0	0	1.8	69	78.7	18	4/8	20	69	—	—	10	63.3	10	74.7
621,007	68	Gymnázium Zoltána Kodálya s VJM	Galanta	Štvrť SNP 1004/34	20	0	0	0	—	67.5	74.6	20	4/8	20	67.5	—	—	16	69.4	4	60
621,008	62	Gymnázium Vojtecha Mihálika	Sereď	Kostolná 119/8	23	0	0	0	2.7	68.1	77	23	4/8	23	68.1	—	—	18	66.7	5	73.3
621,009	54	Gymnázium Ivana Kupca	Hlohovec	Komenského 13	17	1	0	0	1.9	57.8	35.2	17	4/8	17	57.8	—	—	9	62.2	8	52.9
621,010	129	Gymnázium Pierra de Coubertina	Piešťany	Námestie SNP 9	40	1	0	0	2.4	65.1	59.8	40	4/8	40	65.1	—	—	27	62.1	13	71.3
621,012	97	Gymnázium Ladislava Novomeského	Senica	Dlhá 1037/12	42	0	0	0	1.6	67.9	75.4	42	4/8	42	67.9	—	—	32	68	10	67.7
621,014	98	Gymnázium F. V. Sasinka	Skalica	Námestie Slobody 3	25	0	0	0	1	52.8	24.6	22	4/8	25	52.8	—	—	23	52.9	2	51.7
621,015	114	Gymnázium Jána Hollého	Trnava	Na Hlinách 30	49	2	0	0	2.2	65	58.2	48	4/8	49	65	—	—	41	62.7	8	76.7
621,016	78	Gymnázium Angely Merici	Trnava	Hviezdoslavova 10	17	1	0	0	3	63.1	49.2	17	4/8	17	63.1	—	—	13	57.9	4	80
621,017	108	Športové gymnázium Jozefa Herdu	Trnava	Bottova 31	20	1	0	0	2.1	69.5	81.1	20	4/8	20	69.5	—	—	19	69.1	1	76.7
621,018	24	Súkromné bilingválne gymnázium	Galanta	Hodská 10	4	0	0	0	1.8	27.5	—	1	5	4	27.5	—	—	—	—	—	—
621,019	116	Gymnázium Jána Baltazára Magina	Vrbové	Beňovského 358/100	6	0	0	0	2	61.1	—	6	4/5	6	61.1	—	—	2	50	—	—
621,022	41	Súkromné gymnázium s VJM	Dunajská Streda	Hlavná 21	10	0	0	0	—	92.7	—	10	4	10	92.7	—	—	10	92.7	—	—
621,503	112	Stredná zdravotnícka škola	Trnava	Daxnerova 6	7	0	0	0	—	22.4	—	1	4	7	22.4	—	—	—	—	—	—
623,002	73	Súkromná stredná odborná škola Via Humana	Skalica	Mallého 2	10	1	0	0	2	30.7	—	5	4	10	30.7	—	—	—	—	—	—
623,005	58	Stredná odborná škola s VJM - Szakközépiskola	Dunajská Streda	Gyulu Szabóa 21	1	—	—	—	—	—	—	1	2/4	1	—	—	—	—	—	—	—
624,001	78	Stredná priemyselná škola stavebná D. S. Jurkoviča	Trnava	Lomonosovova 7	17	0	0	0	—	40.2	13.1	12	4	17	40.2	—	—	—	—	—	—
624,501	153	Stredná priemyselná škola	Trnava	Komenského 1	38	2	0	0	2.2	35.2	7.4	20	4	38	35.2	—	—	—	—	—	—
626,103	36	Obchodná akadémia	Hlohovec	Tehelná 4	1	—	—	—	—	—	—	1	4	1	—	—	—	—	—	—	—
626,105	174	Obchodná akadémia	Trnava	Kukučínova 2	5	0	0	0	1.4	60	—	3	4/5	5	60	—	—	—	—	—	—
628,101	33	Stredná odborná škola technická - Müszaki Szakközépiskola	Dunajská Streda	Kračanská 1240/36	3	0	0	0	2.3	47.8	—	2	4	3	47.8	—	—	—	—	—	—
628,301	106	Stredná priemyselná škola elektrotechnická	Piešťany	Brezová 2	41	0	0	0	2	36.3	9	26	4	41	36.3	—	—	—	—	—	—
628,304	42	Stredná odborná škola elektrotechnická	Gbely	Učňovská 700/6	1	—	—	—	—	—	—	—	4	1	—	—	—	—	—	—	—
628,305	173	Stredná odborná škola elektrotechnická	Trnava	Sibírska 1	19	3	0	0	2.5	27.7	3.3	9	2/4	19	27.7	—	—	—	—	—	—
628,401	104	Stredná priemyselná škola dopravná	Trnava	Študentská 23	6	0	0	0	2.2	40	—	4	4	6	40	—	—	—	—	—	—
631,001	71	Gymnázium Janka Jesenského	Bánovce nad Bebravou	Radlinského 665/2	26	1	0	0	1.8	65.9	65.6	26	4/8	26	65.9	—	—	21	66.2	5	64.7
631,002	79	Gymnázium	Dubnica nad Váhom	Školská 2	23	0	0	0	1.5	77.5	98.4	23	4/8	23	77.5	—	—	17	78.4	6	75
631,003	22	Spojená škola sv. J. Bosca - Gymnázium	Nová Dubnica	Trenčianska 66/28	3	0	0	0	2.7	32.2	—	2	4/8	3	32.2	—	—	—	—	3	32.2
631,004	113	Gymnázium	Myjava	Jablonská 5/301	22	0	0	0	—	63.2	50	21	4/5/2008	22	63.2	—	—	15	63.6	3	63.3
631,005	80	Gymnázium M. R. Štefánika	Nové Mesto nad Váhom	Športová 41	21	0	0	0	1.3	43	15.6	16	4/8	21	43	—	—	14	44.5	7	40
631,006	20	Gymnázium sv. Jozefa	Nové Mesto nad Váhom	Klčové 87	6	0	0	0	1.3	57.8	—	6	4	6	57.8	—	—	6	57.8	—	—
631,007	29	Bilingválne slovensko-španielske gymnázium	Nové Mesto nad Váhom	Štúrova ulica 2590/31	2	0	0	0	1	51.7	—	2	5	2	51.7	—	—	—	—	—	—
631,008	80	Gymnázium	Partizánske	Komenského 2/1074	32	4	0	0	1.9	63.9	53.3	31	4	32	63.9	—	—	32	63.9	—	—
631,009	131	Gymnázium	Považská Bystrica	Školská 234/8	52	3	0	0	1.7	53.8	28.7	49	4/8	52	53.8	—	—	43	53.2	9	57
631,011	29	Gymnázium I. Bellu	Handlová	Lipová 15	9	0	0	0	1.7	63	—	9	4	9	63	—	—	9	63	—	—
631,012	23	Spojená škola - Gymnázium	Nováky	Rastislavova 332	9	1	0	0	1	56.3	—	8	4/8	9	56.3	—	—	2	58.3	7	55.7
631,013	198	Gymnázium V. B. Nedožerského	Prievidza	Matice slovenskej 16	59	0	0	0	1.8	59.7	40.2	55	4/8	59	59.7	—	—	52	60.2	7	55.7
631,014	39	Piaristická spojená škola F. Hanáka - Gymnázium	Prievidza	A. Hlinku 44	5	0	0	0	1.4	62.7	—	5	4/8	5	62.7	—	—	1	43.3	4	67.5
631,015	76	Gymnázium	Púchov	1. mája 905	18	1	0	0	1.6	65	59	18	4	18	65	—	—	18	65	—	—
631,016	187	Gymnázium Ľ. Štúra	Trenčín	1. mája 2	52	0	0	0	2.1	68.6	77.9	52	4/5	52	68.6	—	—	52	68.6	—	—
631,017	45	Športové gymnázium	Trenčín	Staničná 6	4	1	0	0	2.3	46.7	—	3	4	4	46.7	—	—	4	46.7	—	—
631,018	85	Piaristické gymnázium J. Braneckého	Trenčín	Palackého 4	23	1	0	0	2.3	62.9	47.5	22	4/8	23	62.9	—	—	14	61	9	65.9
631,020	80	Súkromné gymnázium FUTURUM	Trenčín	Kožušnícka 2	3	0	0	0	1	68.9	—	3	4/5	3	68.9	—	—	—	—	—	—
632,501	115	Stredná umelecká škola	Trenčín	Staničná 8	5	0	0	0	1.2	30.7	—	3	4	5	30.7	—	—	—	—	—	—
633,001	107	Stredná odborná škola strojnícka	Bánovce nad Bebravou	Partizánska cesta 76	15	1	0	0	2.4	22.9	—	4	4	15	22.9	—	—	—	—	—	—
633,004	75	Stredná odborná škola	Dubnica nad Váhom	Bratislavská 439/18	12	0	0	0	1.8	18.6	—	1	4	12	18.6	—	—	—	—	—	—
633,009	72	Stredná odborná škola	Stará Turá	Športová 675/1	17	0	0	0	2.4	41.8	13.9	12	4	17	41.8	—	—	—	—	—	—
633,015	131	Stredná odborná škola	Handlová	Lipová 8	7	1	0	0	2	34.8	—	6	4/5	7	34.8	—	—	—	—	—	—
633,018	78	Stredná odborná škola	Púchov	I. Krasku 491	14	0	0	0	2.2	19.8	—	1	4	14	19.8	—	—	—	—	—	—
633,021	47	Stredná odborná škola	Trenčín	Pod Sokolicami 14	1	—	—	—	—	—	—	1	2/4	1	—	—	—	—	—	—	—
633,201	130	Stredná odborná škola strojnícka	Považská Bystrica	Športovcov 341/2	21	2	0	0	2.2	26.2	2.5	7	2/4	21	26.2	—	—	—	—	—	—
634,001	54	Stredná odborná škola stavebná Emila Belluša	Trenčín	Staničná 4	4	0	0	0	1.5	34.2	—	2	4	4	34.2	—	—	—	—	—	—
634,501	145	Stredná priemyselná škola	Dubnica nad Váhom	Obr. mieru 343/1	15	0	0	0	2.7	44.2	—	11	4	15	44.2	—	—	—	—	—	—
634,502	96	Stredná priemyselná škola	Myjava	Ul. SNP 413/8	29	0	0	0	2.7	36	8.2	20	2/4	29	36	—	—	—	—	—	—
634,504	64	Stredná priemyselná škola	Považská Bystrica	Slovenských partizánov 1132/52	3	0	0	0	2.7	47.8	—	3	4	3	47.8	—	—	—	—	—	—
634,505	78	Stredná priemyselná škola	Nové Mesto nad Váhom	Bzinská 11	6	0	0	0	2.5	35.6	—	5	4	6	35.6	—	—	—	—	—	—
636,103	120	Obchodná akadémia	Považská Bystrica	Jesenského 259/6	5	0	0	0	2.2	27.3	—	1	4	5	27.3	—	—	—	—	—	—
636,105	92	Obchodná akadémia	Prievidza	F. Madvu 2	3	0	0	0	—	31.1	—	1	4	3	31.1	—	—	—	—	—	—
636,106	116	Obchodná akadémia Milana Hodžu	Trenčín	M. Rázusa 1	1	—	—	—	—	—	—	1	4	1	—	—	—	—	—	—	—
638,601	67	Stredná odborná škola letecko - technická	Trenčín	Legionárska 160	1	—	—	—	—	—	—	1	4	1	—	—	—	—	—	—	—
641,001	75	Gymnázium Ľudovíta Jaroslava Šuleka	Komárno	Pohraničná 10	12	0	0	0	1.8	65	—	12	4	12	65	—	—	12	65	—	—
641,002	113	Gymnázium Hansa Selyeho s VJM - Selye János Gimnázium	Komárno	Ul. biskupa Királya 5	37	0	0	0	1.7	71.1	86.9	37	4	37	71.1	—	—	37	71.1	—	—
641,003	146	Gymnázium Andreja Vrábla	Levice	Mierová 5	54	2	0	0	2.1	69.1	80.3	54	4/8	54	69.1	—	—	46	71.4	8	56.3
641,005	25	Gymnázium s VJM - Gimnázium	Šahy	Mládežnícka 22	7	0	0	0	1.3	78.1	—	7	4	7	78.1	—	—	7	78.1	—	—
641,006	22	Gymnázium	Želiezovce	Štúrova 16	2	0	0	0	2.5	55	—	2	4	2	55	—	—	2	55	—	—
641,007	15	Gymnázium J. A. Komenského s VJM - Comenius Gimnázium	Želiezovce	Štúrova 16	3	0	0	0	1.7	58.9	—	3	4	3	58.9	—	—	3	58.9	—	—
641,008	138	Gymnázium	Nitra	Golianova 68	45	2	0	0	1.6	66.3	68	43	4/5/2008	45	66.3	—	—	21	67.6	10	64
641,009	199	Gymnázium	Nitra	Parovská 1	53	1	0	0	1.6	72.5	90.2	53	4/5/2008	53	72.5	—	—	34	69.4	18	78.7
641,010	74	Spojená katolícka škola - Gymnázium sv. Cyrila a Metoda	Nitra	Farská 19	16	1	0	0	2.3	71	84.4	16	4/8	16	71	—	—	9	69.6	7	72.9
641,011	88	Piaristická spojená škola sv. Jozefa Kalazanského - Piaristické gymnázium sv. Jozefa Kalazanského	Nitra	Piaristická 6	17	1	0	0	2.9	51.8	23	16	4/8	17	51.8	—	—	12	43.3	5	72
641,012	58	Gymnázium	Vráble	Školská 1232/26	11	0	0	0	2.6	61.8	—	10	4	11	61.8	—	—	11	61.8	—	—
641,013	107	Gymnázium	Nové Zámky	M. R. Štefánika 16	31	0	0	0	1.6	66.1	66.4	31	4/8	31	66.1	—	—	19	59.6	12	76.4
641,015	64	Gymnázium	Šurany	Bernolákova 37	15	0	0	0	—	70.7	—	15	4	15	70.7	—	—	15	70.7	—	—
641,016	63	Gymnázium Juraja Fándlyho	Šaľa	Školská 3	18	1	0	0	1.8	64.3	57.4	16	4/8	18	64.3	—	—	12	60.8	6	71.1
641,017	128	Gymnázium	Topoľčany	Ul. 17. novembra 1180/16	28	0	0	0	2.1	62.5	46.7	27	4/8	28	62.5	—	—	25	62.8	3	60
641,018	18	Gymnázium sv. Vincenta de Paul	Topoľčany	Ul. 17. novembra 1056	1	—	—	—	—	—	—	1	4	1	—	—	—	—	—	—	—
641,019	52	Gymnázium Janka Kráľa	Zlaté Moravce	SNP 3	12	1	0	0	1.2	62.8	—	12	4	12	62.8	—	—	12	62.8	—	—
641,021	4	Gymnázium P. Czeglédiho Reformovanej kresťanskej cirkvi s VJM	Levice	J. Jesenského 41	1	—	—	—	—	—	—	—	4	1	—	—	—	—	—	—	—
641,022	97	Spojená škola - Športové gymnázium	Nitra	Slančíkovej 2	13	0	0	0	2.2	47.9	—	10	4/8	13	47.9	—	—	6	52.8	7	43.8
641,023	24	Gymnázium P. Pázmáňa s VJM - Pázmány Péter Gimnázium	Nové Zámky	Letomostie 3	10	0	0	0	1.1	70.7	—	10	4	10	70.7	—	—	10	70.7	—	—
641,024	34	Katolícka spojená škola sv. Vincenta de Paul - Gymnázium sv. Vincenta de Paul	Levice	Saratovská 87	5	0	0	0	1.8	52	—	5	4	5	52	—	—	5	52	—	—
641,029	17	Katolícka spojená škola F. Fegyvernekiho s VJM - Cirkevné gymnázium F. Fegyvernekiho s VJM	Šahy	SNP 4	3	0	0	0	1.3	74.4	—	3	4	3	74.4	—	—	3	74.4	—	—
643,012	50	Stredná odborná škola techniky a služieb	Topoľčany	Tovarnícka 1609	1	—	—	—	—	—	—	—	2/4	1	—	—	—	—	—	—	—
643,023	72	Stredná odborná škola technická - Műszaki Szakközépiskola	Komárno	Bratislavská 10	3	0	0	0	1.7	38.9	—	3	2/4	3	38.9	—	—	—	—	—	—
644,001	44	Stredná priemyselná škola stavebná - Építőipari Szakközépiskola	Hurbanovo	Konkolyho 8	20	0	0	0	2.3	54	29.5	20	4	20	54	—	—	—	—	—	—
644,002	119	Stredná priemyselná škola stavebná	Nitra	Cabajská 4	5	0	0	0	1.4	31.3	—	2	4	5	31.3	—	—	—	—	—	—
644,501	131	Stredná priemyselná škola	Komárno	Petöfiho 2	55	0	0	0	2.8	41.9	14.8	39	4	55	41.9	—	—	—	—	—	—
644,503	102	Stredná priemyselná škola strojnícka a elektrotechnická	Nitra	Fr. Kráľa 20	5	0	0	0	1.4	52.7	—	4	4	5	52.7	—	—	—	—	—	—
644,504	31	Spojená škola - Stredná priemyselná škola	Šaľa	Nivy 2	1	—	—	—	—	—	—	—	4	1	—	—	—	—	—	—	—
646,001	92	Spojená škola - Hotelová akadémia	Nitra	Slančíkovej 2	1	—	—	—	—	—	—	—	5	1	—	—	—	—	—	—	—
646,105	56	Obchodná akadémia	Topoľčany	Inovecká 2041	5	0	0	0	1.8	20.7	—	1	4	5	20.7	—	—	—	—	—	—
648,102	93	Stredná odborná škola technická	Šurany	Nitrianska 61	4	0	0	0	1.3	42.5	—	4	4/5	4	42.5	—	—	—	—	—	—
648,202	93	Stredná odborná škola polytechnická	Zlaté Moravce	SNP 2	1	—	—	—	—	—	—	—	2/4	1	—	—	—	—	—	—	—
648,301	133	Spojená škola - Stredná priemyselná škola elektrotechnická S. A. Jedlika	Nové Zámky	Komárňanská 28	19	0	0	0	2.2	37.5	9.8	13	4	19	37.5	—	—	—	—	—	—
651,001	56	Gymnázium	Bytča	Štefánikova 219/4	15	0	0	0	1.7	56.2	—	14	4/8	15	56.2	—	—	9	48.1	6	68.3
651,002	169	Gymnázium Jozefa Miloslava Hurbana	Čadca	17. novembra 1296	42	0	1	0	1.9	66.7	68.9	42	4/5/2008	42	66.7	—	—	21	67.6	4	59.2
651,003	38	Gymnázium	Turzovka	Ľ. Štúra 35	11	0	0	0	2.9	66.1	—	11	4	11	66.1	—	—	11	66.1	—	—
651,004	95	Gymnázium P. O. Hviezdoslava	Dolný Kubín	Hviezdoslavovo námestie 18	40	1	0	0	2.2	56.9	32	36	4/8	40	56.9	—	—	33	52.4	7	78.1
651,006	17	Cirkevné gymnázium Andreja Radlinského	Dolný Kubín	Okružná 2062/25	8	0	0	0	1	64.6	—	8	8	8	64.6	—	—	—	—	8	64.6
651,007	61	Gymnázium	Kysucké Nové Mesto	Jesenského 2243	25	0	0	0	—	71.5	87.7	25	4	25	71.5	—	—	25	71.5	—	—
651,008	38	Gymnázium	Liptovský Hrádok	Hradná 497/23	14	0	0	0	1.8	51.9	—	13	4/8	14	51.9	—	—	9	53.7	5	48.7
651,009	80	Gymnázium Michala Miloslava Hodžu	Liptovský Mikuláš	M. M. Hodžu 860/9	22	3	0	0	2	61.4	45.1	21	4/8	22	61.4	—	—	15	54.9	7	75.2
651,010	128	Evanjelická spojená škola - Evanjelické gymnázium J. Tranovského	Liptovský Mikuláš	Komenského 10	7	1	0	0	1.6	48.1	—	6	4/5/2008	7	48.1	—	—	4	36.7	—	—
651,011	56	Gymnázium Jozefa Lettricha	Martin	Lettricha 2	21	0	0	0	1.9	76	95.9	21	8	21	76	—	—	—	—	21	76
651,012	119	Gymnázium Viliama Paulinyho - Tótha	Martin	Malá hora 3	28	2	0	0	1.6	65.2	63.1	28	4	28	65.2	—	—	28	65.2	—	—
651,013	117	Bilingválne gymnázium Milana Hodžu	Sučany	Komenského 215	14	0	0	0	1.6	79.3	—	14	5	14	79.3	—	—	—	—	—	—
651,014	14	Spojená škola - Gymnázium J. C. Hronského	Vrútky	M. R. Štefánika 1	2	0	0	0	1	81.7	—	2	4	2	81.7	—	—	2	81.7	—	—
651,015	221	Gymnázium Antona Bernoláka	Námestovo	Mieru 307/23	78	0	0	0	2.2	66.2	67.2	78	4/8	78	66.2	—	—	72	65.7	6	72.2
651,016	81	Gymnázium	Ružomberok	Š. Moyzesa 21	35	0	0	0	1.9	53.5	26.2	33	4/8	35	53.5	—	—	28	51.8	7	60.5
651,017	87	Gymnázium sv. Andreja	Ružomberok	Námestie A. Hlinku 5	28	2	0	0	2.3	59.8	41	27	4/8	28	59.8	—	—	21	54.9	7	74.3
651,019	20	Spojená škola - Gymnázium M. Galandu	Turčianske Teplice	Horné Rakovce 1440/29	3	0	1	0	2.7	52.2	—	3	4/8	3	52.2	—	—	2	50	1	56.7
651,020	148	Gymnázium Martina Hattalu	Trstená	Železničiarov 278	72	0	0	0	1.8	53.1	25.4	62	4/5/2008	72	53.1	—	—	57	52.7	12	51.4
651,021	36	Gymnázium	Tvrdošín	Školská 837	13	0	0	0	1.3	82.8	—	13	4/8	13	82.8	—	—	10	81.7	3	86.7
651,022	22	Gymnázium	Rajec	Javorová 5	3	0	0	0	1.7	67.8	—	3	4	3	67.8	—	—	3	67.8	—	—
651,023	12	Katolícka spojená škola	Rajec	Námestie A. Škrábika 5	5	0	0	0	1	71.3	—	5	8	5	71.3	—	—	—	—	5	71.3
651,024	114	Gymnázium	Žilina	Hlinská 29	29	1	0	0	3.2	53.6	27.9	27	4	29	53.6	—	—	29	53.6	—	—
651,025	148	Gymnázium	Žilina	Veľká okružná 22	55	0	0	0	2.2	63	48.4	55	4	55	63	—	—	55	63	—	—
651,026	57	Gymnázium sv. Františka z Assisi	Žilina	J. M. Hurbana 44	20	0	0	0	1.8	66.8	71.3	19	4/8	20	66.8	—	—	9	73	11	61.8
651,027	53	Gymnázium	Žilina	Varšavská cesta 1	17	0	0	0	1.4	69.6	82	17	8	17	69.6	—	—	—	—	17	69.6
651,028	138	Gymnázium bilingválne	Žilina	T. Ružičku 3	12	0	0	0	2.3	47.8	—	10	5	12	47.8	—	—	—	—	—	—
651,029	38	Spojená škola - Športové gymnázium	Žilina	Rosinská cesta 4	10	0	0	0	1.3	55.7	—	10	4/8	10	55.7	—	—	8	56.3	2	53.3
651,031	28	Spojená škola KP - Gymnázium Kráľovnej pokoja	Žilina	Na Závaží 2	5	0	0	0	1.4	39.3	—	3	4	5	39.3	—	—	5	39.3	—	—
651,032	23	Súkromné bilingválne gymnázium	Ružomberok	Bystrická cesta 174/5	3	0	0	0	1.3	34.4	—	1	5	3	34.4	—	—	—	—	—	—
651,033	74	Evanjelická spojená škola - Evanjelické gymnázium	Martin	M. R. Štefánika 17	5	0	0	0	2.8	43.3	—	3	5	5	43.3	—	—	—	—	—	—
653,004	88	Stredná odborná škola	Námestovo	Hattalova 968/33	14	0	0	0	2.4	34	—	9	2/4	14	34	—	—	—	—	—	—
653,008	30	Súkromná stredná odborná škola	Žilina	Saleziánska 18	2	0	0	0	2.5	8.3	—	—	4	2	8.3	—	—	—	—	—	—
653,201	113	Stredná odborná škola strojnícka	Kysucké Nové Mesto	Športová 1326	15	0	0	0	1.5	52.4	—	15	2/4/2005	15	52.4	—	—	—	—	—	—
653,202	91	Spojená škola	Martin	Červenej armády 25	6	2	0	0	2.7	14.4	—	1	2/4	6	14.4	—	—	—	—	—	—
654,003	164	Stredná priemyselná škola stavebná	Žilina	Veľká Okružná 25	29	0	0	0	2.3	52.5	23.8	26	4	29	52.5	—	—	—	—	—	—
654,501	172	Spojená škola	Kysucké Nové Mesto	Nábrežná 1325	54	1	0	0	—	64.1	55.7	53	4	54	64.1	—	—	—	—	—	—
654,502	86	Stredná priemyselná škola	Martin	Novomeského 5/24	12	0	0	0	2.5	41.9	—	10	4	12	41.9	—	—	—	—	—	—
654,503	115	Spojená škola - Stredná priemyselná škola a Obchodná akadémia	Tvrdošín	Sídl. Medvedzie I. 133/1	12	0	0	0	2.1	44.7	—	11	4	12	44.7	—	—	—	—	—	—
655,101	89	Stredná odborná škola poľnohospodárstva a služieb na vidieku	Žilina	Predmestská 82	7	1	0	0	2	14.8	—	—	4	7	14.8	—	—	—	—	—	—
656,002	77	Súkromná Spojená škola EDUCO	Námestovo	Slanická Osada 2178	4	0	0	0	2.5	15.8	—	—	2/4/2005	4	15.8	—	—	—	—	—	—
656,101	141	Obchodná akadémia Dušana Metoda Janotu	Čadca	17. novembra 2701	1	—	—	—	—	—	—	1	4/5	1	—	—	—	—	—	—	—
656,102	71	Obchodná akadémia	Dolný Kubín	Radlinského 1725/55	14	1	0	0	1.8	25.2	—	2	4	14	25.2	—	—	—	—	—	—
656,104	42	Obchodná akadémia	Liptovský Mikuláš	Nábrežie K. Petroviča 1571	9	2	0	0	—	24.1	—	2	4	9	24.1	—	—	—	—	—	—
656,110	83	Obchodná akadémia	Žilina	Veľká Okružná 32	2	0	0	0	2	25	—	1	4	2	25	—	—	—	—	—	—
656,112	55	Súkromná obchodná akadémia	Žilina	Jarná 13	3	0	0	0	1.7	35.6	—	2	4	3	35.6	—	—	—	—	—	—
658,103	64	Stredná odborná škola technická	Námestovo	Komenského 496/37	26	0	0	0	2.5	23.7	0.8	8	2/4	26	23.7	—	—	—	—	—	—
658,104	126	Spojená škola	Nižná	Hattalova 471	12	0	0	0	2.1	25.3	—	3	2/4	12	25.3	—	—	—	—	—	—
658,203	59	Stredná odborná škola polytechnická	Ružomberok	Sládkovičova ulica 104	8	3	0	0	2	42.5	—	8	4	8	42.5	—	—	—	—	—	—
658,301	143	Stredná odborná škola elektrotechnická	Liptovský Hrádok	Celiny 536	16	0	0	0	1.4	51	20.5	12	4	16	51	—	—	—	—	—	—
658,302	101	Stredná odborná škola elektrotechnická	Žilina	Komenského 50	9	2	0	0	2.1	43.3	—	8	4	9	43.3	—	—	—	—	—	—
658,401	58	Stredná odborná škola dopravná	Martin	Zelená 2	3	0	0	0	1.7	34.4	—	2	2/4	3	34.4	—	—	—	—	—	—
661,001	125	Gymnázium A. Sládkoviča	Banská Bystrica	Komenského 18	37	0	0	0	2.3	54.6	30.3	35	4	37	54.6	—	—	37	54.6	—	—
661,002	182	Gymnázium J. G. Tajovského	Banská Bystrica	Tajovského 25	69	1	0	0	1.6	65.4	63.9	68	4/5	69	65.4	—	—	66	65.2	—	—
661,003	60	Gymnázium M. Kováča	Banská Bystrica	Mládežnícka 51	2	0	0	0	3	40	—	2	5/8	2	40	—	—	—	—	2	40
661,005	34	Športové gymnázium	Banská Bystrica	Trieda SNP 54	4	0	0	0	—	55.8	—	4	4	4	55.8	—	—	4	55.8	—	—
661,007	63	Katolícke gymnázium Š. Moysesa	Banská Bystrica	Hurbanova 9	8	0	0	0	2.1	57.5	—	8	4/8	8	57.5	—	—	2	68.3	6	53.9
661,008	92	Evanjelické gymnázium	Banská Bystrica	Skuteckého 5	5	0	0	0	1.2	65.3	—	5	5	5	65.3	—	—	—	—	—	—
661,015	74	Gymnázium A. Kmeťa	Banská Štiavnica	Kolpašská 1738/9	26	0	0	0	1.6	64.1	56.6	26	4/5	26	64.1	—	—	8	55.4	—	—
661,020	57	Gymnázium J. Chalupku	Brezno	Štúrova 13	16	0	0	0	2.5	56.3	31.1	15	4/8	16	56.3	—	—	13	55.6	3	58.9
661,023	42	Súkromné gymnázium	Podbrezová	Družby 554/64	11	0	0	0	3	50.3	—	10	4	11	50.3	—	—	11	50.3	—	—
661,025	32	Gymnázium	Detva	Štúrova 849	13	0	0	0	—	67.9	—	13	4	13	67.9	—	—	13	67.9	—	—
661,028	24	Gymnázium A. Sládkoviča	Krupina	M. R. Štefánika 8	7	0	0	0	—	52.4	—	7	4	7	52.4	—	—	7	52.4	—	—
661,031	50	Gymnázium - Gimnázium	Fiľakovo	Námestie padlých hrdinov 2	15	0	0	0	2	63.1	—	15	4	15	63.1	—	—	15	63.1	—	—
661,034	118	Gymnázium B. S. Timravy	Lučenec	Haličská cesta 9	31	0	0	0	2.2	63.5	50.8	31	4/8	31	63.5	—	—	28	61.5	3	82.2
661,036	7	Súkromné gymnázium	Lučenec	Gemerská cesta 1	1	—	—	—	—	—	—	1	4/8	1	—	—	—	—	—	—	—
661,042	40	Gymnázium M. Kukučína	Revúca	Clementisova 1166	18	0	0	0	1.3	63.9	54.1	17	4/8	18	63.9	—	—	5	50	13	69.2
661,045	36	Gymnázium - Gimnázium	Tornaľa	Hurbanova 34	8	0	0	0	2.1	58.8	—	8	4	8	58.8	—	—	8	58.8	—	—
661,048	26	Gymnázium Mateja Hrebendu	Hnúšťa	Hlavná 431	5	0	0	0	1.2	47.3	—	5	4/8	5	47.3	—	—	2	55	3	42.2
661,051	66	Gymnázium Ivana Kraska - Ivan Krasko Gimnázium	Rimavská Sobota	P. Hostinského 3	18	0	0	0	2	58.7	36.9	18	4/8	18	58.7	—	—	14	60.2	4	53.3
661,054	13	Gymnázium M. Tompu RKC s VJM	Rimavská Sobota	Daxnerova 42	3	0	0	0	1.7	40	—	2	4/8	3	40	—	—	—	—	3	40
661,057	92	Evanjelické gymnázium	Tisovec	Jesenského 836	9	0	0	0	—	40.7	—	6	5	9	40.7	—	—	—	—	—	—
661,060	62	Gymnázium A. H. Škultétyho	Veľký Krtíš	Školská 21	20	1	0	0	1.4	57.7	32.8	20	4/8	20	57.7	—	—	12	53.9	8	63.3
661,064	156	Gymnázium Ľudovíta Štúra	Zvolen	Hronská 1467/3	37	2	0	0	2.2	64	54.9	35	4	37	64	—	—	37	64	—	—
661,068	16	Súkromné gymnázium	Zvolen	Jesenského 42	1	—	—	—	—	—	—	1	4	1	—	—	—	—	—	—	—
661,071	40	Gymnázium F. Švantnera	Nová Baňa	Bernolákova 9	15	3	0	0	1.7	58.7	—	14	4/8	15	58.7	—	—	10	59	5	58
661,083	114	Gymnázium Milana Rúfusa	Žiar nad Hronom	J. Kollára 2	36	1	0	0	2.1	63.6	51.6	36	4/8	36	63.6	—	—	28	61.3	8	71.7
663,074	35	Stredná odborná škola	Veľký Krtíš	Poľná 10	1	—	—	—	—	—	—	1	4	1	—	—	—	—	—	—	—
663,090	44	Stredná odborná škola	Žarnovica	Bystrická 4	1	—	—	—	—	—	—	—	4	1	—	—	—	—	—	—	—
663,110	74	Súkromná stredná odborná škola hutnícka ŽP	Podbrezová	Družby 554/64	4	0	0	0	1.3	50.8	—	4	4/5	4	50.8	—	—	—	—	—	—
664,001	57	Spojená škola - Stredná odborná škola stavebná	Banská Bystrica	Kremnička 10	4	0	0	0	2.3	20.8	—	—	4	4	20.8	—	—	—	—	—	—
664,002	24	Spojená škola - Stredná priemyselná škola stavebná	Banská Bystrica	Kremnička 10	4	0	0	0	1.8	46.7	—	4	4	4	46.7	—	—	—	—	—	—
664,013	47	Stredná priemyselná škola stavebná O. Winklera	Lučenec	B. Nemcovej 1	4	0	0	0	—	48.3	—	4	4	4	48.3	—	—	—	—	—	—
664,501	147	Stredná priemyselná škola J. Murgaša	Banská Bystrica	Hurbanova 6	83	7	0	0	2.1	38.6	10.7	57	4	83	38.6	—	—	—	—	—	—
664,506	55	Stredná priemyselná škola S. Mikovíniho	Banská Štiavnica	Akademická 13	6	0	0	0	1.7	29.4	—	2	4	6	29.4	—	—	—	—	—	—
664,701	128	Stredná odborná škola informačných technológií	Banská Bystrica	Tajovského 30	5	0	0	0	1.4	30.7	—	2	4	5	30.7	—	—	—	—	—	—
666,101	78	Obchodná akadémia	Banská Bystrica	Tajovského 25	10	1	0	0	1.5	21.7	—	3	4	10	21.7	—	—	—	—	—	—
668,301	60	Spojená škola - Stredná odborná škola elektrotechnická	Banská Bystrica	Zvolenská cesta 18	6	1	0	0	2.5	11.7	—	—	4	6	11.7	—	—	—	—	—	—
668,940	58	Technická akadémia	Zvolen	J. Švermu 1	5	1	0	0	1.8	26.7	—	—	2/4	5	26.7	—	—	—	—	—	—
671,001	145	Gymnázium Leonarda Stöckela	Bardejov	Jiráskova 12	41	0	3	0	1.8	59.9	42.6	41	4	41	59.9	—	—	41	59.9	—	—
671,002	56	Spojená škola Juraja Henischa - Gymnázium	Bardejov	Slovenská 5	13	0	0	0	2	57.2	—	13	4	13	57.2	—	—	13	57.2	—	—
671,003	7	Cirkevná spojená škola - Gymnázium sv. Jána Bosca	Bardejov	Jiráskova 5	2	0	0	0	1.5	71.7	—	2	4	2	71.7	—	—	2	71.7	—	—
671,004	40	Súkromné gymnázium	Bardejov	Ul. 29. augusta 4	11	0	0	0	2.2	51.5	—	11	4	11	51.5	—	—	11	51.5	—	—
671,007	25	Gymnázium sv. Cyrila a Metoda	Humenné	Duchnovičova 24	4	0	0	0	2	74.2	—	4	4	4	74.2	—	—	4	74.2	—	—
671,008	144	Gymnázium arm. gen. L. Svobodu	Humenné	Komenského 4	39	1	0	0	1.9	60.9	44.3	37	4	39	60.9	—	—	39	60.9	—	—
671,009	22	Gymnázium sv. Jána Zlatoústeho	Humenné	Lesná 28	6	0	0	0	1.8	52.2	—	6	4	6	52.2	—	—	6	52.2	—	—
671,011	47	Gymnázium P. O. Hviezdoslava	Kežmarok	Hviezdoslavova 20	19	0	0	0	2.2	67.2	73.8	19	4	19	67.2	—	—	19	67.2	—	—
671,012	27	Spojená škola - Gymnázium	Spišská Stará Ves	SNP 3/5	6	0	0	0	2	60	—	5	4	6	60	—	—	6	60	—	—
671,015	46	Gymnázium J. Francisciho - Rimavského	Levoča	Kláštorská 37	11	0	0	0	2.2	60.6	—	11	4/8	11	60.6	—	—	9	59.3	2	66.7
671,016	54	Gymnázium sv. Františka Assiského	Levoča	Kláštorská 24	13	0	0	0	2.2	65.6	—	13	4/8	13	65.6	—	—	7	70	6	60.6
671,019	31	Gymnázium	Medzilaborce	Duchnovičova 13	12	0	0	0	1.5	59.7	—	12	4	12	59.7	—	—	12	59.7	—	—
671,021	27	Súkromné gymnázium	Poprad	Rovná 597/15	2	0	0	0	2.5	56.7	—	2	5	2	56.7	—	—	—	—	—	—
671,022	139	Spojená škola - Gymnázium	Poprad	Dominika Tatarku 4666/7	31	0	0	0	1.6	69.8	82.8	31	4/5/2008	31	69.8	—	—	22	69.8	4	69.2
671,023	134	Gymnázium	Poprad	Kukučinova 4239/1	43	0	0	0	2.1	60.2	43.4	42	4/8	43	60.2	—	—	35	62.2	8	51.7
671,024	26	Cirkevné gymnázium P. U. Olivu	Poprad	Dlhé hony 3522	4	0	0	0	1.3	53.3	—	3	4	4	53.3	—	—	4	53.3	—	—
671,027	21	Spojená škola Tarasa Ševčenka - Gymnázium	Prešov	Sládkovičova 4	3	0	0	0	1	54.4	—	3	4	3	54.4	—	—	3	54.4	—	—
671,028	36	Katolícka spojená škola sv. Mikuláša - Gymnázium sv. Mikuláša	Prešov	Duklianska 16	12	0	0	0	2.4	60.6	—	12	8	12	60.6	—	—	—	—	12	60.6
671,029	290	Gymnázium	Prešov	Konštantínova 2	41	0	0	0	1.7	66.7	70.5	41	4/5/2008	41	66.7	—	—	17	65.1	13	64.6
671,030	123	Gymnázium sv. Moniky	Prešov	Tarasa Ševčenka 1	26	1	0	0	1.7	74	94.3	26	4/5	26	74	—	—	26	74	—	—
671,031	41	Evanjelická spojená škola - Evanjelické kolegiálne gymnázium	Prešov	Námestie legionárov 3	10	0	0	0	2.1	71.7	—	10	4/8	10	71.7	—	—	5	66	5	77.3
671,032	132	Gymnázium J. A. Raymana	Prešov	Mudroňova 20	47	1	0	0	1.5	68	76.2	47	4	47	68	—	—	47	68	—	—
671,034	29	Súkromná spojená škola European English School - Súkromné gymnázium	Prešov	Solivarská 28	6	0	0	0	1.7	43.9	—	5	5	6	43.9	—	—	—	—	—	—
671,035	23	Gymnázium bl. Pavla Petra Gojdiča	Prešov	Bernolákova 21	10	2	0	0	2.3	39.3	—	7	4	10	39.3	—	—	10	39.3	—	—
671,036	27	Súkromné športové gymnázium ELBA	Prešov	Smetanova 2	2	0	0	0	2	16.7	—	—	4/8	2	16.7	—	—	—	—	2	16.7
671,041	92	Gymnázium	Lipany	Komenského 13	33	0	0	0	1.8	76.3	96.7	33	4/8	33	76.3	—	—	21	77.8	12	73.6
671,042	17	Súkromné Gymnázium DSA	Sabinov	Komenského 40	7	0	0	0	2.9	44.8	—	6	4	7	44.8	—	—	7	44.8	—	—
671,045	82	Gymnázium	Snina	Študentská 4	10	0	0	0	1.7	70.3	—	10	4/8	10	70.3	—	—	7	67.1	3	77.8
671,046	44	Cirkevná spojená škola - Gymnázium sv. Cyrila a Metoda	Snina	Švermova 10	4	0	0	0	1.5	62.5	—	4	4/8	4	62.5	—	—	—	—	4	62.5
671,050	85	Gymnázium Terézie Vansovej	Stará Ľubovňa	17. novembra 6	30	0	0	0	1.8	63.8	52.5	30	4/8	30	63.8	—	—	23	65.7	7	57.6
671,051	51	Cirkevné gymnázium sv. Mikuláša	Stará Ľubovňa	Štúrova 3	13	0	0	0	1.6	45.6	—	9	4	13	45.6	—	—	13	45.6	—	—
671,054	63	Gymnázium	Stropkov	Konštantínova 1751/64	16	0	0	0	2.3	61.9	45.9	16	4/8	16	61.9	—	—	12	62.5	4	60
671,056	38	Gymnázium	Giraltovce	Dukelská 30	10	0	1	0	1.7	64.3	—	10	4/8	10	64.3	—	—	4	46.7	6	76.1
671,057	45	Gymnázium duklianskych hrdinov	Svidník	Komenského 16	11	0	0	0	2.1	62.7	—	11	4	11	62.7	—	—	11	62.7	—	—
671,062	111	Gymnázium	Vranov nad Topľou	Dr. C. Daxnera 88	39	0	0	0	2.1	59.7	39.3	39	4	39	59.7	—	—	39	59.7	—	—
671,063	29	Cirkevná spojená škola - Gymnázium	Vranov nad Topľou	Školská 650	6	0	0	0	2	51.1	—	6	4	6	51.1	—	—	6	51.1	—	—
673,026	100	Súkromná stredná odborná škola	Poprad	Ul. 29. augusta 4812	14	0	0	0	1.1	60	—	14	4	14	60	—	—	—	—	—	—
673,043	41	Spojená škola - Stredná odborná škola	Sabinov	SNP 16	2	0	0	0	2	30	—	1	2/4	2	30	—	—	—	—	—	—
673,707	70	Stredná odborná škola drevárska	Vranov nad Topľou	Lúčna 1055	2	0	0	0	2	36.7	—	1	2/4	2	36.7	—	—	—	—	—	—
674,007	78	Stredná priemyselná škola stavebná	Prešov	Plzenská 10	16	0	0	0	1.7	32.1	6.6	9	4	16	32.1	—	—	—	—	—	—
674,501	97	Stredná priemyselná škola	Bardejov	Komenského 5	11	0	0	0	1.9	43.3	—	10	4	11	43.3	—	—	—	—	—	—
674,511	143	Stredná priemyselná škola	Poprad	Mnoheľova 828	16	1	0	0	1.9	39.2	12.3	10	4	16	39.2	—	—	—	—	—	—
674,522	62	Stredná priemyselná škola	Snina	Partizánska 1059/23	10	1	0	0	2.1	51	—	9	4	10	51	—	—	—	—	—	—
676,004	74	Hotelová akadémia	Humenné	Štefánikova 28	3	0	0	0	1.7	6.7	—	—	4/5	3	6.7	—	—	—	—	—	—
676,013	103	Hotelová akadémia	Prešov	Baštová 32	4	0	0	0	2	39.2	—	2	5	4	39.2	—	—	—	—	—	—
676,101	36	Obchodná akadémia	Bardejov	Komenského 5	6	0	0	0	1	52.8	—	6	4	6	52.8	—	—	—	—	—	—
676,110	121	Obchodná akadémia	Poprad	Murgašova 94	4	0	0	0	1.8	35	—	2	4	4	35	—	—	—	—	—	—
676,116	84	Obchodná akadémia	Prešov	Volgogradská 3	6	0	0	0	1.5	25.6	—	2	4	6	25.6	—	—	—	—	—	—
676,123	43	Obchodná akadémia	Stará Ľubovňa	Jarmočná 132	1	—	—	—	—	—	—	—	4	1	—	—	—	—	—	—	—
676,127	49	Spojená škola - Obchodná akadémia	Svidník	Centrálna 464	1	—	—	—	—	—	—	1	4/5	1	—	—	—	—	—	—	—
678,104	116	Stredná odborná škola technická	Humenné	Družstevná 1737	22	0	0	0	2.4	20.3	0	3	4	22	20.3	—	—	—	—	—	—
678,116	69	Stredná odborná škola technická	Poprad	Kukučínova 483/12	2	0	0	0	1.5	30	—	1	4	2	30	—	—	—	—	—	—
678,119	149	Spojená škola - Stredná odborná škola technická	Prešov	Ľ. Podjavorinskej 22	1	—	—	—	—	—	—	1	4/5	1	—	—	—	—	—	—	—
678,120	79	Stredná odborná škola technická	Prešov	Volgogradská 1	2	0	0	0	2.5	13.3	—	—	2/4	2	13.3	—	—	—	—	—	—
678,128	44	Stredná odborná škola technická	Stará Ľubovňa	Levočská 40	2	0	0	0	3	10	—	—	4	2	10	—	—	—	—	—	—
678,204	85	Stredná odborná škola polytechnická	Humenné	Štefánikova 1550/20	12	0	0	0	1.7	40.8	—	11	4	12	40.8	—	—	—	—	—	—
678,316	70	Stredná odborná škola elektrotechnická	Poprad	Hlavná 1400/1	1	—	—	—	—	—	—	1	4/5	1	—	—	—	—	—	—	—
678,318	167	Stredná priemyselná škola elektrotechnická	Prešov	Plzenská 1	110	0	0	0	2.4	50.8	19.7	95	4	110	50.8	—	—	—	—	—	—
681,001	25	Gymnázium	Gelnica	SNP 1	4	0	0	0	2	49.2	—	4	4	4	49.2	—	—	4	49.2	—	—
681,003	18	Súkromné športové gymnázium	Košice	Užhorodská 39	2	0	0	0	2	76.7	—	2	4/8	2	76.7	—	—	—	—	2	76.7
681,004	79	Gymnázium Milana Rastislava Štefánika	Košice	Námestie L. Novomeského 4	6	0	0	0	1.5	57.8	—	5	4/5/2008	6	57.8	—	—	3	38.9	3	76.7
681,005	44	Gymnázium a ZŠ Sándora Máraiho s VJM - Márai Sándor Magyar Tanítási Nyelvű Gimnázium és Alapiskola	Košice	Kuzmányho 6	9	0	0	0	1.3	88.1	—	9	4	9	88.1	—	—	9	88.1	—	—
681,006	123	Gymnázium	Košice	Poštová 9	53	3	0	0	1.7	73	91.8	53	4	53	73	—	—	53	73	—	—
681,007	110	Gymnázium sv. Tomáša Akvinského	Košice	Zbrojničná 3	33	0	0	0	2.5	67.1	73	32	4	33	67.1	—	—	33	67.1	—	—
681,008	107	Gymnázium	Košice	Šrobárova 1	43	1	0	0	2.3	57.8	34.4	42	4	43	57.8	—	—	43	57.8	—	—
681,014	63	Súkromné gymnázium	Košice	Katkin park 2	3	1	0	0	2.7	45.6	—	3	4/5	3	45.6	—	—	3	45.6	—	—
681,015	70	Športové gymnázium	Košice	Trieda SNP 104	9	1	0	0	1.9	69.3	—	9	4/8	9	69.3	—	—	7	70	2	66.7
681,016	160	Gymnázium	Košice	Trebišovská 12	27	1	0	0	1.9	51.5	22.1	24	4/5/2008	27	51.5	—	—	7	49.5	3	63.3
681,017	179	Gymnázium	Košice	Park mládeže 5	34	0	0	0	2.3	53.5	27	31	4/5	34	53.5	—	—	27	51.2	—	—
681,018	12	Spojená škola - Gymnázium sv. Košických mučeníkov	Košice	Čordákova 50	4	1	0	0	2.3	60.8	—	4	4	4	60.8	—	—	4	60.8	—	—
681,022	138	Gymnázium sv. Edity Steinovej	Košice	Charkovská 1	22	0	0	0	1.8	75.2	95.1	22	5	22	75.2	—	—	—	—	—	—
681,025	99	Gymnázium	Košice	Alejová 1	46	1	0	0	1.8	66.7	68.9	45	4/8	46	66.7	—	—	23	59.4	23	73.9
681,026	20	Súkromné gymnázium	Košice	Dneperská 1	9	0	0	0	1.7	54.1	—	9	4/8	9	54.1	—	—	1	53.3	8	54.2
681,027	115	Evanjelické gymnázium Jána Ámosa Komenského	Košice	Škultétyho 10	46	2	0	0	2.1	65.2	62.3	45	5/8	46	65.2	—	—	—	—	11	65.8
681,028	85	Gymnázium	Košice	Opatovská cesta 7	11	1	0	0	2.5	52.4	—	10	4/5	11	52.4	—	—	6	50.6	—	—
681,032	19	Gymnázium Štefana Moysesa	Moldava nad Bodvou	Školská 13	4	0	0	0	1.8	80	—	4	8	4	80	—	—	—	—	4	80
681,035	209	Gymnázium Pavla Horova	Michalovce	Masarykova 1	49	0	0	0	1.9	67	72.1	48	4	49	67	—	—	49	67	—	—
681,036	102	Gymnázium	Michalovce	Ľ. Štúra 26	20	0	0	0	2	57.7	32.8	19	4/8	20	57.7	—	—	17	55.5	3	70
681,037	36	Gymnázium - Gimnázium	Veľké Kapušany	Zoltána Fábryho 1	6	0	0	0	2.2	60.6	—	6	4	6	60.6	—	—	6	60.6	—	—
681,041	77	Gymnázium P. J. Šafárika - P. J. Šafárik Gimnázium	Rožňava	Ul. akademika Hronca 1	15	0	0	0	—	70.7	—	15	4/5/2008	15	70.7	—	—	11	71.2	4	69.2
681,044	69	Gymnázium	Sobrance	Kpt. Nálepku 6	12	0	0	0	1.3	63.9	—	11	4/8	12	63.9	—	—	6	62.8	6	65
681,047	36	Gymnázium	Krompachy	Lorencova 46	14	0	0	0	2.5	59.8	—	14	4	14	59.8	—	—	14	59.8	—	—
681,048	115	Gymnázium	Spišská Nová Ves	Javorová 16	18	0	0	0	—	76.7	97.5	18	4/5/2008	18	76.7	—	—	—	—	13	80
681,049	117	Gymnázium	Spišská Nová Ves	Školská 7	40	0	0	0	1.8	59.8	41.8	39	4	40	59.8	—	—	40	59.8	—	—
681,050	15	Cirkevné gymnázium Štefana Mišíka	Spišská Nová Ves	Radničné námestie 271/8	3	0	0	0	2	50	—	2	4	3	50	—	—	3	50	—	—
681,054	86	Gymnázium - Gimnázium	Kráľovský Chlmec	Horešská 18	18	0	0	0	2.1	59.1	38.5	18	4/8	18	59.1	—	—	11	60.3	7	57.1
681,055	26	Spojená škola - Gymnázium	Sečovce	Kollárova 17	7	0	0	0	1.7	44.3	—	6	4	7	44.3	—	—	7	44.3	—	—
681,056	93	Gymnázium	Trebišov	Komenského 32	23	0	0	0	—	72.8	91	23	4/5	23	72.8	—	—	20	74.3	—	—
681,057	44	Cirkevné gymnázium sv. Jána Krstiteľa	Trebišov	M. R. Štefánika 9	16	0	0	0	—	58.8	37.7	16	4	16	58.8	—	—	16	58.8	—	—
681,058	30	Súkromné gymnázium FUTURUM	Košice	Grešákova 1	2	0	0	0	2	43.3	—	1	5	2	43.3	—	—	—	—	—	—
681,059	29	Premonštrátske gymnázium	Košice	Kováčska 28	8	0	0	0	1.9	47.1	—	6	4	8	47.1	—	—	8	47.1	—	—
683,003	23	Stredná odborná škola Jozefa Szakkayho - Szakkay József Szakközépiskola	Košice	Grešákova 1	1	—	—	—	—	—	—	1	4	1	—	—	—	—	—	—	—
683,007	70	Stredná odborná škola	Košice	Učňovská 5	9	0	0	0	—	18.1	—	—	4	9	18.1	—	—	—	—	—	—
683,010	74	Súkromná stredná odborná škola	Košice	Postupimská 37	1	—	—	—	—	—	—	—	4/5	1	—	—	—	—	—	—	—
683,018	184	Stredná odborná škola	Košice	Ostrovského 1	9	0	0	0	2.6	28.9	—	3	4	9	28.9	—	—	—	—	—	—
683,031	68	Stredná odborná škola technická	Rožňava	Hviezdoslavova 5	5	0	0	0	1.4	33.3	—	3	2/4	5	33.3	—	—	—	—	—	—
683,205	93	Stredná priemyselná škola strojnícka	Košice	Komenského 2	9	1	0	0	2.2	26.3	—	2	4	9	26.3	—	—	—	—	—	—
683,209	116	Technická akadémia	Spišská Nová Ves	Hviezdoslavova 6	24	1	0	0	2.6	46.4	18	22	4	24	46.4	—	—	—	—	—	—
684,102	88	Stredná priemyselná škola stavebná a geodetická	Košice	Lermontovova 1	7	0	0	0	1.3	48.6	—	6	4	7	48.6	—	—	—	—	—	—
686,103	150	Obchodná akadémia	Košice	Watsonova 61	33	2	0	0	—	28.9	4.9	13	4/5	33	28.9	—	—	—	—	—	—
686,117	75	Obchodná akadémia	Michalovce	Kapušianska 2	12	0	0	0	1.4	39.7	—	10	4	12	39.7	—	—	—	—	—	—
686,120	71	Obchodná akadémia	Rožňava	Akademika Hronca 8	8	0	0	0	—	47.5	—	7	4/5	8	47.5	—	—	—	—	—	—
686,127	44	Obchodná akadémia	Trebišov	Komenského 3425/18	16	0	0	0	2	24.2	1.6	6	4	16	24.2	—	—	—	—	—	—
686,213	71	Stredná odborná škola ekonomická	Spišská Nová Ves	Stojan 1	10	0	0	0	1.6	31.7	—	5	4	10	31.7	—	—	—	—	—	—
688,129	104	Stredná odborná škola technická	Košice	Kukučínova 23	5	0	0	0	1.4	18.7	—	—	2/4	5	18.7	—	—	—	—	—	—
688,132	187	Stredná odborná škola technická	Michalovce	Partizánska 1	18	1	0	0	2.4	28	4.1	8	2/3/2004	18	28	—	—	—	—	—	—
688,303	169	Stredná priemyselná škola elektrotechnická	Košice	Komenského 44	21	3	0	0	1.7	45.2	17.2	15	4	21	45.2	—	—	—	—	—	—
688,403	106	Stredná priemyselná škola dopravná	Košice	Hlavná 113	5	0	0	0	1	24	—	1	4	5	24	—	—	—	—	—	—