skola	nazov	mesto	ulica	aj_n	aj_z
611501	Stredná zdravotnícka škola	Bratislava	Záhradnícka 44	90	2.3
611502	Stredná zdravotnícka škola	Bratislava	Strečnianska 20	15	2.5
612001	Konzervatórium	Bratislava	Tolstého 11	23	3.1
612002	Cirkevné konzervatórium	Bratislava	Beňadická 16	8	2.3
612003	Súkromné konzervatórium ALKANA	Bratislava	Batkova 2	5	2.4
612004	Tanečné konzervatórium E. Jaczovej	Bratislava	Gorazdova 20	8	2.5
612201	Spojená škola - Stredná odborná škola umeleckopriemyselná	Bratislava	Tokajícka 24	42	2.9
612401	Škola úžitkového výtvarníctva J. Vydru	Bratislava	Dúbravská cesta č.11	38	3.1
612601	Súkromná SUŠ animovanej tvorby	Bratislava	Vlastenecké námestie 1	39	2.9
612701	Súkromná SUŠ dizajnu	Bratislava	Ivanská cesta 21	8	2.5
612901	Stredná umelecká škola scénického výtvarníctva	Bratislava	Sklenárova 7	54	3.2
613001	Súkromná stredná odborná škola ochrany osôb a majetku	Bratislava	Vranovská 4	36	2.6
613003	Stredná odborná škola	Bratislava	Račianska 105	19	2.9
613004	Stredná odborná škola	Senec	Kysucká 14	8	4.1
613005	Stredná odborná škola	Bratislava	Ivanská 21	33	3.3
613007	Stredná odborná škola kaderníctva a vizážistiky	Bratislava	Svätoplukova 2	37	2.9
613008	Súkromná stredná odborná škola	Bratislava	Exnárova 20	29	2.7
613012	Súkromná stredná odborná škola - Gastroškola	Bratislava	Bieloruská 1	5	2.4
613015	Súkromná stredná odborná škola HOST	Bratislava	Riazanská 75	14	3.8
613018	Spojená škola - Stredná odborná škola	Ivanka pri Dunaji	SNP 30	44	3.6
613019	Spojená škola - Stredná odborná škola J. A. Gagarina	Bernolákovo	Svätoplukova 38	23	2.6
613022	Stredná odborná škola gastronómie a hotelových služieb	Bratislava	Farského 9	53	3.1
613027	Stredná odborná škola pre žiakov s TP	Bratislava	Mokrohájska 1	11	3.4
613028	Súkromná športová stredná odborná škola	Bratislava	M. C. Sklodowskej 1	23	2.5
613029	Súkromná stredná odborná škola	Bratislava	Dudova 4	9	3.8
613201	Stredná priemyselná škola strojnícka	Bratislava	Fajnorovo nábrežie 5	37	2.7
613301	Stredná odborná škola chemická	Bratislava	Vlčie hrdlo 50	23	2.7
613702	Spojená škola - Stredná odborná škola drevárska	Bratislava	Tokajícka 24	6	2.8
613801	Stredná odborná škola polygrafická	Bratislava	Račianska 190	46	3.6
614101	Stredná priemyselná škola stavebná a geodetická	Bratislava	Drieňova 35	58	2.3
614301	Stredná odborná škola masmediálnych a informačných štúdii	Bratislava	Kadnárova 7	32	2.6
614701	Stredná odborná škola informačných technologií	Bratislava	Hlinická 1	40	2.3
615401	Stredná odborná škola záhradnícka G. Čejku	Malinovo	Bratislavská 44	10	3.1
615501	Stredná odborná škola vinársko-ovocinárska	Modra	Kostolná 3	13	2.8
615701	Súkromná stredná odborná škola veterinárna	Bratislava	Pod brehmi 6/A	12	2
616001	Súkromná hotelová akadémia HaGMa	Bratislava	Biskupická 21	17	2.9
616004	Hotelová akadémia	Bratislava	Mikovíniho 1	92	2.8
616101	Obchodná akadémia	Bratislava	Račianska 107	49	3.1
616102	Obchodná akadémia I. Karvaša Bratislava	Bratislava	Hrobákova 11	28	3.3
616103	Obchodná akadémia	Bratislava	Dudova 4	40	3.5
616104	Obchodná akadémia	Bratislava	Nevädzova 3	61	2.8
616105	Súkromná obchodná akadémia Profi-Kamo	Bratislava	Dudvážska 6	3	2
616106	Spojená škola - Obchodná akadémia pre žiakov s TP	Bratislava	Mokrohájska 3	3	4
616108	Obchodná akadémia	Pezinok	Myslenická 1	43	2.9
616109	Súkromná obchodná akadémia	Bratislava	Kremnická 26	41	3.2
616113	Súkromná obchodná akadémia	Plavecký Štvrtok	č. 351	7	2.9
616301	Stredná odborná škola podnikania	Bratislava	Strečnianska 20	26	3.2
616302	Spojená škola - Stredná odborná škola podnikania	Senec	Lichnerova 71	13	2.8
616401	Stredná odborná škola obchodu a služieb S. Jurkoviča	Bratislava	Sklenárova 1	30	3.4
616501	Stredná odborná škola hotelových služieb a obchodu	Bratislava	Na Pántoch 9	45	3.6
617101	Pedagogická a kultúrna akadémia	Modra	Sokolská 6	42	2.5
617201	Pedagogická a sociálna akadémia	Bratislava	Bullova 2	34	2.9
617202	Súkromná pedagogická a sociálna akadémia	Bratislava	Ružová dolina 29	13	2.3
618301	Stredná odborná škola elektrotechnická	Bratislava	Rybničná 59	32	2.5
618302	CSOŠE P. G. Frassatiho	Bratislava	Vazovova 12	33	2.8
618303	Stredná priemyselná škola elektrotechnická	Bratislava	Zochova 9	47	3
618304	Stredná priemyselná škola elektrotechnická	Bratislava	K. Adlera 5	47	3.2
618305	Stredná priemyselná škola elektrotechnická	Bratislava	Hálova 16	58	3.4
618401	Stredná odborná škola dopravná	Bratislava	Kvačalova 20	24	2.9
618402	Stredná priemyselná škola dopravná	Bratislava	Kvačalova 20	44	3.3
618801	Súkromná stredná odborná škola automobilová Duálna akadémia	Bratislava	Jána Jonáša 5	15	2.9
621501	Stredná zdravotnícka škola - Egészségügyi Középiskola	Dunajská Streda	Športová 349/34	27	3
621502	Stredná zdravotnícka škola	Skalica	Lichardova 1	24	2.7
621503	Stredná zdravotnícka škola	Trnava	Daxnerova 6	79	2.6
623001	Stredná odborná škola Jozefa Čabelku	Holíč	Bernolákova 383/10	38	2.8
623002	Súkromná stredná odborná škola Via Humana	Skalica	Mallého 2	45	2.7
623003	Súkromná stredná odborná škola - Magán Szakközépiskola	Sládkovičovo	Fučíkova 426	26	2.7
623005	Stredná odborná škola s VJM - Szakközépiskola	Dunajská Streda	Gyulu Szabóa 21	48	3.3
623006	Stredná odborná škola	Rakovice	Hlavná 25	19	2.6
623007	Súkromná stredná odborná škola SD Jednota	Šamorín	Vinohradská 48	15	3.1
623008	Súkromná stredná odborná škola s VJM - Magyar Tannyelvű Magán Szakközépiskola	Dunajská Streda	Neratovické námestie 1916/16	49	2.8
623009	Súkromná stredná odborná škola	Zlaté Klasy	Trhovisko 776/1	7	3.4
623010	Súkromná stredná odborná škola s VJM	Mostová	Orechová 53	60	2.9
623012	Stredná odborná škola	Senica	V. Paulínyho Tótha 31/5	14	3.2
623013	Súkromná stredná odborná škola Gos-Sk	Trnava	Ferka Urbánka 19	60	3
623014	Stredná odborná škola	Holíč	Námestie sv. Martina 5	66	3.2
623015	Stredná odborná škola	Hlohovec	Nerudová 13	48	2.8
623201	Stredná odborná škola strojnícka	Skalica	pplk. Pľjušťa 29	29	3.7
624001	Stredná priemyselná škola stavebná D. S. Jurkoviča	Trnava	Lomonosovova 7	57	2.5
624002	Stredná odborná škola stavebná s VJM	Dunajská Streda	Gyulu Szabóa 1	10	3
624501	Stredná priemyselná škola	Trnava	Komenského 1	109	3
625001	Stredná odborná škola rozvoja vidieka s VJM	Dunajská Streda	Námestie sv. Štefana 1533/3	56	3.1
625101	Stredná odborná škola poľnohospodárstva a služieb na vidieku	Trnava	Zavarská 9	24	3.1
625401	Stredná odborná škola záhradnícka	Piešťany	Brezová 2	8	3.5
626001	Hotelová akadémia Ľudovíta Wintera	Piešťany	Stromová 34	59	3
626002	Súkromná hotelová akadémia SD Jednota	Šamorín	Vinohradská 48	28	3.6
626101	Obchodná akadémia - Kereskedelmi Akadémia	Veľký Meder	Bratislavská 38	41	2.9
626102	Obchodná akadémia	Sereď	Mládežnícka 158/5	23	2.9
626103	Obchodná akadémia	Hlohovec	Tehelná 4	27	2.5
626104	Obchodná akadémia	Senica	Dlhá 256	64	2.9
626105	Obchodná akadémia	Trnava	Kukučínova 2	36	2.6
626301	Súkromná stredná odborná škola podnikania	Senica	Hollého 1380/34	59	2.8
626401	Stredná odborná škola obchodu a služieb	Galanta	Z. Kodálya 765	33	2.5
626402	Stredná odborná škola obchodu a služieb	Piešťany	Mojmírova 99/28	50	3.5
626403	Stredná odborná škola obchodu a služieb	Trnava	Lomonosovova 2797/6	35	3.3
627201	Pedagogická a sociálna akadémia bl. Laury	Trnava	Kalinčiakova 24	67	3.4
628101	Stredná odborná škola technická - Müszaki Szakközépiskola	Dunajská Streda	Kračanská 1240/36	21	3
628102	Stredná odborná škola technická	Hlohovec	F. Lipku 2422/5	21	4
628103	Stredná odborná škola technická	Piešťany	Nová 5245/9	21	3.8
628104	Stredná odborná škola technická - Műszaki Szakközépiskola	Galanta	Esterházyovcov 712/10	36	3.4
628201	Súkromná stredná odborná škola polytechnická DSA	Trnava	Koniarekova 17	10	3.1
628301	Stredná priemyselná škola elektrotechnická	Piešťany	Brezová 2	92	2.8
628304	Stredná odborná škola elektrotechnická	Gbely	Učňovská 700/6	24	3
628305	Stredná odborná škola elektrotechnická	Trnava	Sibírska 1	134	3
628401	Stredná priemyselná škola dopravná	Trnava	Študentská 23	88	3
628801	Stredná odborná škola automobilová	Trnava	Coburgova 7859/39	28	3.3
631501	Stredná zdravotnícka škola	Považská Bystrica	Školská 230	41	2.5
631502	Stredná zdravotnícka škola Celestíny Šimurkovej	Trenčín	Veľkomoravská 14	86	2.3
632501	Stredná umelecká škola	Trenčín	Staničná 8	76	2.8
633001	Stredná odborná škola strojnícka	Bánovce nad Bebravou	Partizánska cesta 76	94	3.4
633003	Stredná odborná škola	Pruské	č. 294	20	2.7
633004	Stredná odborná škola	Dubnica nad Váhom	Bratislavská 439/18	65	2.9
633009	Stredná odborná škola	Stará Turá	Športová 675/1	62	2.7
633011	Stredná odborná škola	Partizánske	Námestie SNP 5	78	2.9
633012	Stredná odborná škola	Považská Bystrica	Slovenských partizánov 1129/49	25	4
633013	Súkromná stredná odborná škola	Prievidza	S. Chalupku 1938/12B	19	3.6
633014	Stredná odborná škola	Prievidza	T. Vansovej 32	72	2.7
633015	Stredná odborná škola	Handlová	Lipová 8	68	3.3
633016	Spojená škola - Stredná odborná škola	Nováky	Rastislavova 332	63	2.7
633018	Stredná odborná škola	Púchov	I. Krasku 491	52	3
633020	Súkromná stredná odborná škola	Trenčín	M. R. Štefánika 379/19	23	3.3
633021	Stredná odborná škola	Trenčín	Pod Sokolicami 14	36	2.9
633022	Piaristická spojená škola F. Hanáka - Stredná odborná škola	Prievidza	A. Hlinku 44	16	3.3
633201	Stredná odborná škola strojnícka	Považská Bystrica	Športovcov 341/2	107	2.7
634001	Stredná odborná škola stavebná Emila Belluša	Trenčín	Staničná 4	51	2.5
634220	Stredná odborná škola sklárska	Lednické Rovne	Súhradka 193	3	2.7
634501	Stredná priemyselná škola	Dubnica nad Váhom	Obr. mieru 343/1	107	3.1
634502	Stredná priemyselná škola	Myjava	Ul. SNP 413/8	78	3
634504	Stredná priemyselná škola	Považská Bystrica	Slovenských partizánov 1132/52	60	2.6
634505	Stredná priemyselná škola	Nové Mesto nad Váhom	Bzinská 11	60	2.7
636002	Súkromná hotelová akadémia	Považská Bystrica	M. R. Štefánika 147	2	3.5
636103	Obchodná akadémia	Považská Bystrica	Jesenského 259/6	92	2.4
636104	Súkromná obchodná akadémia	Považská Bystrica	M. R. Štefánika 147	4	3.3
636105	Obchodná akadémia	Prievidza	F. Madvu 2	78	2.7
636106	Obchodná akadémia Milana Hodžu	Trenčín	M. Rázusa 1	90	2.5
636107	Súkromná obchodná akadémia	Prievidza	Bakalárska 2	8	4
636401	Stredná odborná škola obchodu a služieb	Prievidza	J. Kalinčiaka 1	114	2.8
636402	Stredná odborná škola obchodu a služieb	Púchov	1. mája 1264	61	3.2
636403	Stredná odborná škola obchodu a služieb	Trenčín	Jilemnického 24	168	2.9
636404	Stredná odborná škola obchodu a služieb	Nové Mesto nad Váhom	Weisseho 1	53	2.6
637201	Pedagogická a sociálna akadémia sv. Andreja - Svorada	Trenčín	1. mája 7	54	2.1
638001	Dopravná akadémia	Trenčín	Školská 66	42	2.9
638601	Stredná odborná škola letecko - technická	Trenčín	Legionárska 160	46	2.4
641501	Stredná zdravotnícka škola	Nitra	Farská 23	80	1.7
641502	Stredná zdravotnícka škola - Egészségügyi Középiskola	Nové Zámky	Pod kalváriou 1	52	2.4
641503	Stredná zdravotnícka škola sv. Vincenta de Paul	Topoľčany	17. novembra 1056	36	3.1
642001	Súkromné konzervatórium Dezidera Kardoša	Topoľčany	Gagarinova 2490/13	14	2.6
642002	Súkromné konzervatórium	Nitra	Krčméryho 2	14	2.4
642401	Súkromná škola úžitkového výtvarníctva	Topoľčany	Gagarinova 2490/13	8	1.9
642402	Cirkevná škola úžitkového výtvarníctva sv. Lukáša	Topoľčany	Lipova 3868/10	6	2.3
642501	Súkromná stredná umelecká škola dizajnu	Nitra	Škultétyho 1	23	3
642502	Stredná umelecká škola Ladislava Bielika	Levice	Vajanského 23	35	2.5
643001	Súkromná stredná odborná škola pedagogická	Topoľčany	Tovarnícka 1641	25	2.5
643002	Súkromná stredná odborná škola ANIMUS	Nitra	Levická cesta 40	44	2.3
643003	Súkromná stredná odborná škola s VJM	Dolné Obdokovce	č. 71	11	2.2
643008	Stredná odborná škola	Nitra	Cintorínska 4	54	3.3
643009	Stredná odborná škola dopravy a služieb	Nové Zámky	Jesenského 1	60	3.3
643011	Stredná odborná škola - Szakközépiskola	Dvory nad Žitavou	Hlavné námestie 2	8	2.9
643012	Stredná odborná škola techniky a služieb	Topoľčany	Tovarnícka 1609	47	3.1
643014	Stredná odborná škola agrotechnická	Topoľčany	Tovarnícka 1632	35	2.9
643015	Stredná odborná škola techniky, služieb a obchodu - Műszaki, Szolgáltatások és Kereskedelmi Szakközépiskola	Štúrovo	Sv. Štefana 81	12	3.2
643016	Stredná odborná škola služieb	Levice	Ul. sv. Michala 36	38	2.4
643017	Stredná odborná škola - Szakközépiskola	Kravany nad Dunajom	Dunajský rad 138	10	3.5
643018	Súkromná stredná odborná škola s VJM	Bátorove Kosihy	Hlavné námestie 35	21	1.8
643019	Súkromná stredná odborná škola s VJM	Kolárovo	Slovenská 52	38	3.6
643020	Stredná odborná škola - Szakközépiskola	Šahy	SNP 41	13	2.9
643022	Stredná odborná škola gastronómie a služieb	Šurany	Hviezdoslavova 55	26	2.3
643023	Stredná odborná škola technická - Műszaki Szakközépiskola	Komárno	Bratislavská 10	71	3
643024	Stredná odborná škola	Kalná nad Hronom	Ul. mieru 23	16	3.1
643025	Stredná odborná škola	Levice	Pod amfiteátrom 7	20	2.7
643029	Súkromná spojená škola - Súkromná stredná odborná škola - Magán Szakközépiskola	Štúrovo	Sv. Štefana 36	13	3.3
643031	Stredná odborná škola stavebná	Nitra	Nábrežie mládeže 1	13	3.4
643032	Stredná odborná škola gastronómie a cestovného ruchu	Nitra	Levická 40	70	2.9
643034	Stredná odborná škola stavebná	Nové Zámky	Nitrianska cesta 61	32	2.8
643039	Stredná odborná škola techniky a mechanizácie – Műszaki és Gépesítési Szakközépiskola	Hurbanovo	Ul. 1. mája 1	13	3
643040	Stredná odborná škola - Szakközépiskola	Šaľa	Štúrova 74	8	2.8
643401	Stredná odborná škola potravinárska	Nitra	Cabajská 6	60	3.3
643402	Stredná odborná škola potravinárska	Topoľčany	Krušovská 2091	14	3.4
643701	Stredná odborná škola drevárska	Topoľčany	Pílska 7	37	3.2
644001	Stredná priemyselná škola stavebná - Építőipari Szakközépiskola	Hurbanovo	Konkolyho 8	36	2.4
644002	Stredná priemyselná škola stavebná	Nitra	Cabajská 4	98	2.6
644501	Stredná priemyselná škola	Komárno	Petöfiho 2	96	2.5
644502	Stredná priemyselná škola	Levice	Fr. Hečku 25	42	3.1
644503	Stredná priemyselná škola strojnícka a elektrotechnická	Nitra	Fr. Kráľa 20	78	2.7
644504	Spojená škola - Stredná priemyselná škola	Šaľa	Nivy 2	20	3.3
644601	Spojená škola - Stredná priemyselná škola potravinárska	Nitra	Slančíkovej 2	32	3
645101	Stredná odborná škola poľnohospodárstva a služieb na vidieku	Levice	Na lúkach 18	22	3.3
645701	Stredná odborná škola veterinárna	Nitra	Drážovská 14	91	2.5
646001	Spojená škola - Hotelová akadémia	Nitra	Slančíkovej 2	75	2.4
646101	Obchodná akadémia	Levice	Ul. Kálmána Kittenbergera 2	48	2.6
646102	Obchodná akadémia	Nitra	Bolečkova 2	96	3
646103	Súkromná spojená škola - Súkromná obchodná akadémia - Kereskedelmi Magánakadémia	Štúrovo	Sv. Štefana 36	6	3.7
646104	Obchodná akadémia	Šurany	Námestie hrdinov 7	31	2.7
646105	Obchodná akadémia	Topoľčany	Inovecká 2041	53	2.4
646106	Obchodná akadémia	Zlaté Moravce	Bernolákova 26	27	2.5
646107	Spojená škola - Obchodná akadémia	Nové Zámky	Komárňanská 28	11	3.3
646108	Spojená škola - Obchodná akadémia	Šaľa	Nivy 2	13	2.4
646402	Stredná odborná škola obchodu a služieb	Topoľčany	T. Vansovej 2	37	3.2
646403	Stredná odborná škola obchodu a služieb	Zlaté Moravce	SNP 5	31	2.7
646404	Stredná odborná škola obchodu a služieb - Kereskedelmi és Szolgáltatóipari Szakközépiskola	Komárno	Budovateľská 32	51	3
646501	Stredná odborná škola hotelových služieb a obchodu	Nové Zámky	Zdravotnícka 3	107	3.1
647201	Stredná odborná škola pedagogická	Levice	Ul. F. Engelsa 3	51	2.5
648101	Stredná odborná škola technická	Tlmače	Kozmálovská cesta 9	25	2.3
648102	Stredná odborná škola technická	Šurany	Nitrianska 61	53	2.9
648103	Stredná odborná škola technická	Zlaté Moravce	Ul. 1. mája 22	31	3
648104	Stredná odborná škola technická	Vráble	Ul. 1. mája 500	19	3.1
648201	Súkromná stredná odborná škola polytechnická DSA	Nitra	Novozámocká 220	77	3.2
648202	Stredná odborná škola polytechnická	Zlaté Moravce	SNP 2	64	3
648301	Spojená škola - Stredná priemyselná škola elektrotechnická S. A. Jedlika	Nové Zámky	Komárňanská 28	90	3.2
651501	Stredná zdravotnícka škola sv. Františka z Assisi	Čadca	Horná 137	22	3
651502	Stredná zdravotnícka škola	Dolný Kubín	M. Hattalu 2149	37	2.6
651503	Stredná zdravotnícka škola	Liptovský Mikuláš	Vrbická 632	46	2.9
651504	Stredná zdravotnícka škola M. T. Schererovej	Ružomberok	Dončova 7	32	2.1
651505	Stredná zdravotnícka škola	Žilina	Hlboká cesta 23	114	3.2
652001	Konzervatórium	Žilina	J. M. Hurbana 48	26	2.4
652002	Súkromná spojená škola - Súkromné hudobné a dramatické konzervatórium	Martin	J. Lettricha 3	12	2.7
652401	Škola úžitkového výtvarníctva	Ružomberok	Scota Viatora 6	46	2.8
652501	Súkromná spojená škola - Súkromná stredná umelecká škola	Martin	J. Lettricha 3	5	3.2
652503	Súkromná stredná umelecká škola	Žilina	Hálkova 2968/22	54	1.8
653003	Súkromná stredná odborná škola	Dolný Kubín	SNP 1202/14	1	—
653004	Stredná odborná škola	Námestovo	Hattalova 968/33	82	3.1
653007	Stredná odborná škola sv. Jozefa Robotníka	Žilina	Saleziánska 18	34	2.9
653008	Súkromná stredná odborná škola	Žilina	Saleziánska 18	30	2.9
653009	Súkromná stredná odborná škola spoločného stravovania	Žilina	Závodská cesta 2961	11	3.3
653011	Súkromná stredná odborná škola	Bytča	Sidónie Sakalovej č. 182	36	3.3
653201	Stredná odborná škola strojnícka	Kysucké Nové Mesto	Športová 1326	89	2.8
653202	Spojená škola	Martin	Červenej armády 25	82	3.7
653601	Spojená škola	Žilina	Hlavná 2	39	2.7
653701	Stredná odborná škola drevárska a stavebná	Krásno nad Kysucou	č. 1642	47	3.4
653704	Spojená škola - Stredná odborná škola drevárska	Žilina	Rosinská cesta 4	27	3.1
654001	Stredná odborná škola stavebná	Liptovský Mikuláš	Školská 8	20	2.5
654002	Stredná odborná škola stavebná	Žilina	Tulipánová 2	92	2.7
654003	Stredná priemyselná škola stavebná	Žilina	Veľká Okružná 25	144	2.7
654501	Spojená škola	Kysucké Nové Mesto	Nábrežná 1325	150	2.9
654502	Stredná priemyselná škola	Martin	Novomeského 5/24	69	2.9
654503	Spojená škola - Stredná priemyselná škola a Obchodná akadémia	Tvrdošín	Sídl. Medvedzie I. 133/1	110	2.6
655101	Stredná odborná škola poľnohospodárstva a služieb na vidieku	Žilina	Predmestská 82	73	3.1
655301	Stredná odborná škola lesnícka a drevárska Jozefa Dekreta Matejovie	Liptovský Hrádok	Hradná 534	41	2.9
655302	Stredná odborná škola lesnícka	Tvrdošín	Medvedzie 135	16	3.1
656001	Hotelová akadémia	Liptovský Mikuláš	Čs. brigády 1804	58	2.9
656002	Súkromná Spojená škola EDUCO	Námestovo	Slanická Osada 2178	48	3
656003	Hotelová akadémia	Žilina	Hlinská 31	93	2.8
656101	Obchodná akadémia Dušana Metoda Janotu	Čadca	17. novembra 2701	43	2.6
656102	Obchodná akadémia	Dolný Kubín	Radlinského 1725/55	65	3
656104	Obchodná akadémia	Liptovský Mikuláš	Nábrežie K. Petroviča 1571	38	2.3
656105	Obchodná akadémia	Martin	Bernolákova 2	65	2.8
656106	Obchodná akadémia	Ružomberok	Scota Viatora 4	44	2.3
656110	Obchodná akadémia	Žilina	Veľká Okružná 32	62	2.7
656111	Obchodná akadémia sv. T. Akvinského	Žilina	Vysokoškolákov 13	32	3
656112	Súkromná obchodná akadémia	Žilina	Jarná 13	49	2.4
656303	Stredná odborná škola podnikania	Žilina	Sasinkova 45	34	2.9
656304	Súkromná stredná odborná škola podnikania	Ružomberok	Bystrická cesta 174/5	12	1.8
656401	Stredná odborná škola obchodu a služieb	Čadca	17. novembra 2579	65	3.1
656402	Stredná odborná škola obchodu a služieb	Dolný Kubín	Pelhřimovská 1186/10	70	3.2
656404	Stredná odborná škola obchodu a služieb	Martin	Stavbárska 11	81	2.9
656405	Spojená škola - Stredná odborná škola obchodu a služieb	Ružomberok	Scota Viatora 8	47	3.3
657201	Pedagogická a sociálna akadémia sv. M. Goretti	Čadca	Horná 137	67	2.7
657202	Pedagogická a sociálna akadémia	Turčianske Teplice	SNP 509/116	82	3.1
658001	Dopravná akadémia	Žilina	Rosinská cesta 2	109	3
658101	Stredná odborná škola technická	Čadca	Okružná 693	63	3.5
658103	Stredná odborná škola technická	Námestovo	Komenského 496/37	64	3.2
658104	Spojená škola	Nižná	Hattalova 471	108	3.1
658201	Stredná odborná škola polytechnická	Dolný Kubín	Jelšavská 404	33	3
658202	Stredná odborná škola polytechnická	Liptovský Mikuláš	Demänovská cesta 669	9	3.4
658203	Stredná odborná škola polytechnická	Ružomberok	Sládkovičova ulica 104	46	3.2
658301	Stredná odborná škola elektrotechnická	Liptovský Hrádok	Celiny 536	132	2.5
658302	Stredná odborná škola elektrotechnická	Žilina	Komenského 50	82	2.5
658401	Stredná odborná škola dopravná	Martin	Zelená 2	46	4
661501	Stredná zdravotnícka škola	Banská Bystrica	Tajovského 24	113	2.3
661511	Stredná zdravotnícka škola	Lučenec	Lúčna 2	40	2.6
661531	Stredná zdravotnícka škola	Zvolen	J. Kozáčeka 4	28	2.9
662001	Konzervatórium Jána Levoslava Bellu	Banská Bystrica	Skuteckého 27	16	2.6
662020	Súkromné hudobné a dramatické konzervatórium	Rimavská Sobota	Školská 31	1	—
662030	Súkromné konzervatórium	Zvolen	Jesenského 42	2	3
662420	Súkromná škola úžitkového výtvarníctva	Kremnica	P. Križku 390/4	7	2.9
662550	Súkromná stredná umelecká škola	Zvolen	Môťovská 8164	24	2.3
662560	Súkromná stredná umelecká škola	Hodruša - Hámre	Kyslá 214	11	3.5
663001	Stredná odborná škola	Banská Bystrica	Pod Bánošom 80	33	2.8
663015	Stredná odborná škola služieb a lesníctva	Banská Štiavnica	Kolpašská 1586/9	31	3.9
663020	Stredná odborná škola techniky a služieb	Brezno	Laskomerského 3	22	2.8
663030	Spojená škola - Stredná odborná škola	Detva	Štúrova 848	13	3.1
663040	Stredná odborná škola - Szakközépiskola	Fiľakovo	Kalinčiakova 1584/8	21	2.7
663044	Stredná odborná škola hotelových služieb a dopravy	Lučenec	Zvolenská 83	68	3.3
663048	Spojená škola - Stredná odborná škola	Poltár	Železničná 5	3	3
663051	Stredná odborná škola	Revúca	Generála Viesta 6	10	2.7
663053	Súkromná stredná odborná škola	Revúca	Železničná 2	12	3.2
663055	Stredná odborná škola - Szakközépiskola	Tornaľa	Šafárikova 56	14	3.8
663060	Stredná odborná škola	Hnúšťa	Hlavná 425	7	3.3
663061	Súkromná stredná odborná škola	Hnúšťa	Francisciho 372	13	3.9
663064	Stredná odborná škola technická a agropotravinárska - Müszaki Mezögazdasági és Élelmiszeripari Szakközépiskola	Rimavská Sobota	Okružná 61	30	3.2
663068	Stredná odborná škola	Tisovec	Jesenského 903	36	2.6
663074	Stredná odborná škola	Veľký Krtíš	Poľná 10	35	3.9
663090	Stredná odborná škola	Žarnovica	Bystrická 4	39	3.2
663094	Súkromná stredná odborná škola	Hliník nad Hronom	Kopaničná 237	5	3.2
663099	Súkromná stredná odborná škola - Magán Szakközépiskola	Rimavská Sobota	Ul. L. Novomeského 2070	34	3.1
663110	Súkromná stredná odborná škola hutnícka ŽP	Podbrezová	Družby 554/64	54	3.3
663730	Stredná odborná škola drevárska	Zvolen	Lučenecká cesta 2193/17	60	2.6
664001	Spojená škola - Stredná odborná škola stavebná	Banská Bystrica	Kremnička 10	39	2.7
664002	Spojená škola - Stredná priemyselná škola stavebná	Banská Bystrica	Kremnička 10	24	2.4
664013	Stredná priemyselná škola stavebná O. Winklera	Lučenec	B. Nemcovej 1	45	3.1
664501	Stredná priemyselná škola J. Murgaša	Banská Bystrica	Hurbanova 6	81	2.4
664506	Stredná priemyselná škola S. Mikovíniho	Banská Štiavnica	Akademická 13	39	2.6
664701	Stredná odborná škola informačných technológií	Banská Bystrica	Tajovského 30	114	2.7
665305	Stredná odborná škola lesnícka	Banská Štiavnica	Akademická 16	37	2.6
666005	Súkromná hotelová akadémia	Banská Štiavnica	Drieňová 12	6	2.3
666010	Hotelová akadémia	Brezno	Malinovského 1	70	2.4
666101	Obchodná akadémia	Banská Bystrica	Tajovského 25	75	2.8
666109	Obchodná akadémia	Brezno	Malinovského 1	16	2.4
666112	Spojená škola - Obchodná akadémia	Detva	Štúrova 848	28	2.5
666118	Obchodná akadémia	Lučenec	Lúčna 4	50	2.6
666130	Obchodná akadémia - Kereskedelmi Akadémia	Rimavská Sobota	K. Mikszátha 1	42	2.2
666133	Spojená škola - Obchodná akadémia	Modrý Kameň	Jarmočná 1	20	2.8
666144	Súkromná obchodná akadémia	Žiar nad Hronom	SNP 16	4	3.3
666161	Súkromná obchodná akadémia	Banská Bystrica	Dolná 54	1	—
666301	Spojená škola - Stredná odborná škola podnikania	Banská Bystrica	Školská 7	38	3.1
666340	Súkromná stredná odborná škola podnikania	Zvolen	Námestie Mládeže 587/17	21	3.8
666410	Stredná odborná škola obchodu a služieb	Krupina	M. R. Štefánika 8	22	2.7
666415	Stredná odborná škola obchodu a služieb	Rimavská Sobota	Športová 1	31	3.2
666420	Spojená škola - Stredná odborná škola obchodu a služieb	Modrý Kameň	Jarmočná 1	17	3.1
666425	Stredná odborná škola obchodu a služieb	Nová Baňa	Osvety 17	18	2.4
666435	Stredná odborná škola obchodu a služieb	Žiar nad Hronom	Jilemnického 1282	28	3.2
666501	Stredná odborná škola hotelových služieb a obchodu	Banská Bystrica	Školská 5	73	3.4
666530	Stredná odborná škola hotelových služieb a obchodu	Zvolen	Jabloňová 1351	84	2.6
667211	Súkromná stredná odborná škola pedagogická EBG	Brezno	Školská 5	11	2.5
667220	Pedagogická a sociálna akadémia - Pedagógiai és Szociális Akadémia	Lučenec	Komenského 12	73	2.9
667251	Súkromná stredná odborná škola pedagogická EBG	Žiar nad Hronom	Námestie Matice slovenskej 23	19	2.4
668120	Stredná odborná škola technická	Lučenec	Dukl. hrdinov 2	52	3.3
668150	Súkromná stredná odborná škola technická	Žiar nad Hronom	Ul. Dr. Janského 10	38	3.4
668301	Spojená škola - Stredná odborná škola elektrotechnická	Banská Bystrica	Zvolenská cesta 18	42	2.8
668433	Stredná priemyselná škola dopravná	Zvolen	Sokolska 911/94	61	3
668801	Spojená škola - Stredná odborná škola automobilová	Banská Bystrica	Školská 7	20	3.7
668940	Technická akadémia	Zvolen	J. Švermu 1	38	2.2
671502	Stredná zdravotnícka škola	Humenné	Lipová 32	37	2.6
671506	Stredná zdravotnícka škola Štefana Kluberta	Levoča	Kláštorská 24 A	24	3.6
671510	Stredná zdavotnícka škola	Poprad	Levočská 5	38	2.4
671513	Stredná zdravotnícka škola sv. Bazila Veľkého	Prešov	Kmeťovo stromoradie 1	39	2.7
671514	Stredná zdravotnícka škola	Prešov	Sládkovičova 36	125	2.6
671522	Stredná zdravotnícka škola milosrdného Samaritána	Svidník	Sovietskych hrdinov 80	3	2.3
672099	Súkromné konzervatórium Dezidera Kardoša	Prešov	M. Benku 7	8	2.8
672507	Stredná umelecká škola	Prešov	Vodárenská 3	29	1.9
672509	Stredná umelecká škola	Kežmarok	Slavkovská cesta 19	13	2.9
673001	Súkromná stredná odborná škola	Bardejov	Hviezdoslavova 11	24	2.9
673004	Stredná odborná škola	Kežmarok	Kušnierska brána 349/2	31	3.2
673012	Stredná odborná škola	Kežmarok	Garbiarska 1	30	2.9
673016	Spojená škola internátna - Stredná odborná škola pre žiakov so ZP internátna	Levoča	Námestie Štefana Kluberta 1	1	—
673017	Spojená škola - Stredná odborná škola lesnícka	Bijacovce	č. 1	10	2.9
673018	Stredná odborná škola Majstra Pavla	Levoča	Kukučínova 9	17	2.8
673021	Stredná odborná škola Andyho Warhola	Medzilaborce	Duchnovičova 506	16	3.1
673026	Súkromná stredná odborná škola	Poprad	Ul. 29. augusta 4812	99	1.9
673027	Stredná odborná škola	Poprad	Okružná 761/25	39	3.5
673028	Stredná odborná škola	Svit	Štefánikova 39	29	3.2
673029	Stredná odborná škola	Vysoké Tatry	Horný Smokovec 26	27	2.6
673030	Súkromná stredná odborná škola	Poprad	SNP 1253	42	3.3
673034	Súkromná stredná odborná škola - ELBA	Prešov	Smetanova 2	20	3.2
673037	Stredná odborná škola	Prešov	Košická 20	43	3.2
673039	Súkromná stredná odborná škola	Prešov	Pod Kalváriou 36	49	2.7
673043	Spojená škola - Stredná odborná škola	Sabinov	SNP 16	32	3.3
673044	Stredná odborná škola	Lipany	Komenského 16	16	2.2
673046	Stredná odborná škola	Snina	Sladkovičova 2723	9	3.2
673051	Stredná odborná škola sv. Klementa Hofbauera	Podolínec	Kláštorná 2	5	4
673052	Stredná odborná škola	Stará Ľubovňa	Jarmočná 108	41	2.9
673061	Súkromná stredná odborná škola	Giraltovce	Dukelská 33	11	3
673062	Stredná odborná škola arm. gen. L. Svobodu	Svidník	Bardejovská 715/18	26	2.5
673068	Stredná odborná škola	Vranov nad Topľou	A. Dubčeka 963/2	45	3
673071	Stredná odborná škola	Humenné	Mierová 1973/79	34	2.8
673207	Stredná priemyselná škola strojnícka	Prešov	Duklianska 1	89	3.1
673611	Stredná priemyselná škola	Svidník	Sovietskych hrdinov 369/24	12	2.7
673707	Stredná odborná škola drevárska	Vranov nad Topľou	Lúčna 1055	70	3.5
674007	Stredná priemyselná škola stavebná	Prešov	Plzenská 10	71	2.6
674501	Stredná priemyselná škola	Bardejov	Komenského 5	54	1.8
674511	Stredná priemyselná škola	Poprad	Mnoheľova 828	122	2.9
674520	Stredná priemyselná škola	Prešov	Bardejovská 24	11	3.3
674522	Stredná priemyselná škola	Snina	Partizánska 1059/23	45	3
675307	Stredná odborná škola lesnícka	Prešov	Kollárova 10	44	3.2
676002	Hotelová akadémia J. Andraščíka	Bardejov	Pod Vinbargom 3	68	2.8
676004	Hotelová akadémia	Humenné	Štefánikova 28	66	2.8
676007	Hotelová akadémia Otta Brucknera	Kežmarok	MUDr. Alexandra 29	40	3.1
676013	Hotelová akadémia	Prešov	Baštová 32	85	2.7
676015	Súkromná hotelová akadémia	Prešov	Volgogradská 8	6	4.7
676101	Obchodná akadémia	Bardejov	Komenského 5	25	2.3
676104	Obchodná akadémia	Humenné	Komenského 1	77	2.2
676110	Obchodná akadémia	Poprad	Murgašova 94	96	2.7
676115	Súkromná obchodná akadémia	Prešov	Petrovianska 34	14	3.2
676116	Obchodná akadémia	Prešov	Volgogradská 3	80	2.2
676123	Obchodná akadémia	Stará Ľubovňa	Jarmočná 132	35	2.8
676127	Spojená škola - Obchodná akadémia	Svidník	Centrálna 464	35	2.9
676130	Obchodná akadémia	Vranov nad Topľou	Daxnerova 88	56	2.4
676307	Stredná odborná škola podnikania	Prešov	Masarykova 24	50	3
676401	Spojená škola	Bardejov	Štefánikova 64	20	3.4
676419	Stredná odborná škola obchodu a služieb	Prešov	Sídl. duklianskych hrdinov 3	43	3
677004	Stredná pedagogická škola	Levoča	Bottova 15 A	71	2.4
677202	Súkromná stredná odborná škola pedagogická EBG	Humenné	Lesná 909/28	23	2
677209	Pedagogická a sociálna akadémia	Prešov	Kmeťovo stromoradie 5	92	3
678104	Stredná odborná škola technická	Humenné	Družstevná 1737	86	3
678116	Stredná odborná škola technická	Poprad	Kukučínova 483/12	64	2.7
678119	Spojená škola - Stredná odborná škola technická	Prešov	Ľ. Podjavorinskej 22	136	3.1
678120	Stredná odborná škola technická	Prešov	Volgogradská 1	71	3.4
678128	Stredná odborná škola technická	Stará Ľubovňa	Levočská 40	42	2.5
678134	Stredná odborná škola technická	Svidník	Pionierska 361/4	14	2.2
678201	Spojená škola Juraja Henischa - Stredná odborná škola polytechnická	Bardejov	Slovenská 5	61	3.4
678204	Stredná odborná škola polytechnická	Humenné	Štefánikova 1550/20	85	3
678316	Stredná odborná škola elektrotechnická	Poprad	Hlavná 1400/1	45	2.7
678318	Stredná priemyselná škola elektrotechnická	Prešov	Plzenská 1	136	2.1
678328	Stredná odborná škola elektrotechnická	Stropkov	Hviezdoslavova 44	59	3.4
678419	Stredná odborná škola dopravná	Prešov	Konštantínova 2	60	2.9
681503	Stredná zdravotnícka škola sv. Alžbety	Košice	Mäsiarska 25	20	3
681504	Stredná zdravotnícka škola	Košice	Moyzesova 17	113	2.5
681508	Stredná zdravotnícka škola	Košice	Kukučínova 40	63	3.1
681512	Stredná zdravotnícka škola	Michalovce	Masarykova 27	90	2.2
681515	Stredná zdravotnícka škola - Egészségügyi Középiskola	Rožňava	Námestie 1. mája č.1	41	1.7
682001	Konzervatórium	Košice	Timonova 2	34	2.3
682002	Súkromné konzervatórium	Košice	Zádielska 12	11	2.2
682003	Súkromné hudobné a dramatické konzervatórium	Košice	Požiarnická 1	10	3.6
682004	Konzervatórium J. Adamoviča	Košice	Exnárova 8	33	2.2
682401	Škola úžitkového výtvarníctva	Košice	Jakobyho 15	56	2
682801	Súkromná stredná umelecká škola filmová	Košice	Petzvalova 2	14	3
683003	Stredná odborná škola Jozefa Szakkayho - Szakkay József Szakközépiskola	Košice	Grešákova 1	17	3.4
683005	Stredná odborná škola Jána Bocatia	Košice	Bocatiova 1	59	2.9
683007	Stredná odborná škola	Košice	Učňovská 5	52	2.7
683010	Súkromná stredná odborná škola	Košice	Postupimská 37	49	2.3
683013	Súkromná stredná odborná škola	Košice	Bukovecká 17	29	2.9
683014	Stredná odborná škola	Košice	Gemerská 1	35	2.3
683016	Súkromná stredná odborná škola PAMIKO	Košice	Kukučínova 23	1	—
683018	Stredná odborná škola	Košice	Ostrovského 1	154	2.4
683021	Stredná odborná škola - Szakközépiskola	Moldava nad Bodvou	Hlavná 54	21	3.5
683025	Stredná odborná škola sv. Cyrila a Metoda	Michalovce	Tehliarska 2	10	2.9
683026	Stredná odborná škola - Szakközépiskola	Veľké Kapušany	Janka Kráľa 25	28	3
683030	Spojená škola - Stredná odborná škola	Dobšiná	Zimná 96	6	2.5
683031	Stredná odborná škola technická	Rožňava	Hviezdoslavova 5	43	2.3
683042	Súkromná spojená škola SEZ Krompachy - Stredná odborná škola	Krompachy	Maurerova 55	15	3.1
683043	Stredná odborná škola	Spišská Nová Ves	Markušovská cesta 4	46	3.2
683046	Súkromná stredná odborná škola DSA	Trebišov	Komenského 12	60	1.9
683047	Cirkevná stredná odborná škola sv. Jozafáta	Trebišov	Komenského 1963/10	21	3.1
683048	Stredná odborná škola - Szakközépiskola	Kráľovský Chlmec	Rákocziho 23	52	3.1
683049	Spojená škola - Stredná odborná škola	Sečovce	Kollárova 17	16	2.9
683050	Stredná odborná škola - Szakközépiskola	Pribeník	J. Majlátha 2	12	2.9
683205	Stredná priemyselná škola strojnícka	Košice	Komenského 2	81	2.9
683209	Technická akadémia	Spišská Nová Ves	Hviezdoslavova 6	101	3
683709	Stredná odborná škola drevárska	Spišská Nová Ves	Filinského 7	104	3.3
684102	Stredná priemyselná škola stavebná a geodetická	Košice	Lermontovova 1	70	2.9
685104	Stredná odborná škola poľnohospodárstva a služieb na vidieku	Košice	Kukučínova 23	11	2.9
685705	Stredná odborná škola veterinárna	Košice	Námestie mladých poľnohospodárov 2	50	2.6
686005	Hotelová akadémia	Košice	Južná trieda 10	71	3.1
686009	Súkromná hotelová akadémia - Dufincova	Michalovce	Komenského 1	12	2.3
686017	Hotelová akadémia	Spišská Nová Ves	Radničné námestie 1	49	2.9
686103	Obchodná akadémia	Košice	Watsonova 61	63	3.1
686113	Obchodná akadémia	Košice	Polárna 1	38	2.9
686117	Obchodná akadémia	Michalovce	Kapušianska 2	73	2.8
686120	Obchodná akadémia	Rožňava	Akademika Hronca 8	26	2.7
686127	Obchodná akadémia	Trebišov	Komenského 3425/18	32	2.8
686203	Súkromná stredná odborná škola ekonomická Tercium	Košice	Palackého 14	8	3.9
686213	Stredná odborná škola ekonomická	Spišská Nová Ves	Stojan 1	71	2.8
686419	Stredná odborná škola obchodu a služieb	Michalovce	Školská 4	87	3.1
686422	Stredná odborná škola obchodu a služieb	Rožňava	Rožňavská Baňa 211	44	2.6
686425	Stredná odborná škola obchodu a služieb	Sobrance	Námestie slobody 12	21	2.7
687004	Katolícka stredná pedagogická škola sv. Cyrila a Metoda	Košice	Južná trieda 48	43	3.1
687204	Súkromná pedagogická a sociálna akadémia	Košice	Požiarnická 1	17	3.3
688129	Stredná odborná škola technická	Košice	Kukučínova 23	85	3.4
688132	Stredná odborná škola technická	Michalovce	Partizánska 1	145	2.4
688303	Stredná priemyselná škola elektrotechnická	Košice	Komenského 44	130	2.1
688403	Stredná priemyselná škola dopravná	Košice	Hlavná 113	85	3
688705	Stredná odborná škola železničná	Košice	Palackého 14	56	3.2
688802	Stredná odborná škola automobilová	Košice	Moldavská cesta 2	66	3.1