skola	nazov	mesto	ulica	adresa	m_n	m_z
611001	Gymnázium	Bratislava	Bilíkova 24	Bilíkova 24, Bratislava	27	2.4
611002	Gymnázium	Bratislava	Grösslingová 18	Grösslingová 18, Bratislava	70	1.7
611003	Základná škola a Gymnázium s VJM	Bratislava	Dunajská 13	Dunajská 13, Bratislava	13	2.2
611004	Gymnázium	Bratislava	Hubeného 23	Hubeného 23, Bratislava	14	1.6
611005	Gymnázium I. Horvátha	Bratislava	I. Horvátha 14	I. Horvátha 14, Bratislava	16	2.3
611006	Gymnázium	Bratislava	Ladislava Sáru 1	Ladislava Sáru 1, Bratislava	18	2.2
611007	Gymnázium A. Einsteina	Bratislava	Einsteinova 35	Einsteinova 35, Bratislava	14	2.1
611008	Gymnázium	Bratislava	Metodova 2	Metodova 2, Bratislava	35	2.5
611009	Spojená škola - Gymnázium J. Hronca	Bratislava	Novohradská 3	Novohradská 3, Bratislava	115	1.5
611010	Gymnázium L. Novomeského	Bratislava	Tomášikova 2	Tomášikova 2, Bratislava	33	2.1
611011	Gymnázium Jána Papánka	Bratislava	Vazovova 6	Vazovova 6, Bratislava	27	2.3
611012	Športové gymnázium	Bratislava	Ostredková 10	Ostredková 10, Bratislava	7	2.3
611013	Gymnázium pre žiakov s TP	Bratislava	Mokrohájska 3	Mokrohájska 3, Bratislava	1	—
611014	Gymnázium F. Garcíu Lorcu	Bratislava	Hronská 3	Hronská 3, Bratislava	8	2
611015	1. súkromné gymnázium	Bratislava	Bajkalská 20	Bajkalská 20, Bratislava	23	1.5
611016	Evanjelické lýceum	Bratislava	Vranovská 2	Vranovská 2, Bratislava	6	2.2
611017	Gymnázium Matky Alexie	Bratislava	Jesenského 4/A	Jesenského 4/A, Bratislava	29	1.2
611018	Súkromné gymnázium Mercury	Bratislava	Zadunajská cesta 27	Zadunajská cesta 27, Bratislava	3	1.7
611019	Gymnázium	Bratislava	Pankúchova 6	Pankúchova 6, Bratislava	11	—
611022	Súkromné gymnázium	Bratislava	Kremnická 26	Kremnická 26, Bratislava	14	3.2
611023	Súkromné gymnázium	Bratislava	Vážska 32	Vážska 32, Bratislava	2	1
611025	Gymnázium sv. Uršule	Bratislava	Nedbalova 6	Nedbalova 6, Bratislava	12	2.1
611026	Spojená škola sv. Rodiny - Gymnázium	Bratislava	Gercenova 10	Gercenova 10, Bratislava	3	1.7
611030	Spojená škola sv. V. de Paul - Gymnázium	Bratislava	Bachova 4	Bachova 4, Bratislava	3	1
611031	Spojená škola - Gymnázium	Bratislava	Tilgnerova 14	Tilgnerova 14, Bratislava	21	1.6
611033	Spojená škola de La Salle	Bratislava	Čachtická 14	Čachtická 14, Bratislava	10	2.5
611040	Gymnázium	Malacky	1. mája 8	1. mája 8, Malacky	27	2
611041	Gymnázium sv. F. Assiského	Malacky	Kláštorné námestie 1	Kláštorné námestie 1, Malacky	8	2.1
611042	Gymnázium Karola Štúra	Modra	Námestie Slobody 5	Námestie Slobody 5, Modra	13	—
611043	Gymnázium	Pezinok	Senecká 2	Senecká 2, Pezinok	16	1.5
611045	Gymnázium A. Bernoláka	Senec	Lichnerova 69	Lichnerova 69, Senec	4	—
611047	Bilingválne gymnázium C. S. Lewisa	Bratislava	Haanova 28	Haanova 28, Bratislava	15	1.7
611049	Škola pre mimoriadne nadané deti a gymnázium	Bratislava	Teplická 7	Teplická 7, Bratislava	10	1
611051	Súkromné gymnázium	Bratislava	Česká 10	Česká 10, Bratislava	2	2
611052	Spojená škola sv. Františka z Assisi	Bratislava	Karloveská 32	Karloveská 32, Bratislava	6	1.5
611055	Súkromné gymnázium Galileo School	Bratislava	Dudvážska 6	Dudvážska 6, Bratislava	2	2
613008	Súkromná stredná odborná škola	Bratislava	Exnárova 20	Exnárova 20, Bratislava	1	—
613201	Stredná priemyselná škola strojnícka	Bratislava	Fajnorovo nábrežie 5	Fajnorovo nábrežie 5, Bratislava	2	2.5
613301	Stredná odborná škola chemická	Bratislava	Vlčie hrdlo 50	Vlčie hrdlo 50, Bratislava	4	2
613801	Stredná odborná škola polygrafická	Bratislava	Račianska 190	Račianska 190, Bratislava	1	—
614701	Stredná odborná škola informačných technologií	Bratislava	Hlinická 1	Hlinická 1, Bratislava	12	2.4
616004	Hotelová akadémia	Bratislava	Mikovíniho 1	Mikovíniho 1, Bratislava	1	—
616102	Obchodná akadémia I. Karvaša Bratislava	Bratislava	Hrobákova 11	Hrobákova 11, Bratislava	3	1.3
616103	Obchodná akadémia	Bratislava	Dudova 4	Dudova 4, Bratislava	1	—
616104	Obchodná akadémia	Bratislava	Nevädzova 3	Nevädzova 3, Bratislava	1	—
618303	Stredná priemyselná škola elektrotechnická	Bratislava	Zochova 9	Zochova 9, Bratislava	28	3
618304	Stredná priemyselná škola elektrotechnická	Bratislava	K. Adlera 5	K. Adlera 5, Bratislava	60	2.7
618305	Stredná priemyselná škola elektrotechnická	Bratislava	Hálova 16	Hálova 16, Bratislava	23	2.3
618401	Stredná odborná škola dopravná	Bratislava	Kvačalova 20	Kvačalova 20, Bratislava	1	—
621001	Gymnázium Ladislava Dúbravu	Dunajská Streda	Smetanov háj 285/8	Smetanov háj 285/8, Dunajská Streda	7	1.1
621002	Gymnázium Ármina Vámbéryho s VJM	Dunajská Streda	Námestie sv. Štefana 1190/4	Námestie sv. Štefana 1190/4, Dunajská Streda	12	1.3
621003	Gymnázium M. R. Štefánika	Šamorín	Slnečná 2	Slnečná 2, Šamorín	16	1.9
621004	Gymnázium Imre Madácha s VJM	Šamorín	Slnečná 2	Slnečná 2, Šamorín	26	1.9
621005	Gymnázium Mateja Korvína s VJM	Veľký Meder	Bratislavská 38	Bratislavská 38, Veľký Meder	3	1.3
621006	Gymnázium Janka Matúšku	Galanta	Štvrť SNP 1004/34	Štvrť SNP 1004/34, Galanta	20	1.8
621007	Gymnázium Zoltána Kodálya s VJM	Galanta	Štvrť SNP 1004/34	Štvrť SNP 1004/34, Galanta	20	—
621008	Gymnázium Vojtecha Mihálika	Sereď	Kostolná 119/8	Kostolná 119/8, Sereď	23	2.7
621009	Gymnázium Ivana Kupca	Hlohovec	Komenského 13	Komenského 13, Hlohovec	17	1.9
621010	Gymnázium Pierra de Coubertina	Piešťany	Námestie SNP 9	Námestie SNP 9, Piešťany	40	2.4
621012	Gymnázium Ladislava Novomeského	Senica	Dlhá 1037/12	Dlhá 1037/12, Senica	42	1.6
621014	Gymnázium F. V. Sasinka	Skalica	Námestie Slobody 3	Námestie Slobody 3, Skalica	25	1
621015	Gymnázium Jána Hollého	Trnava	Na Hlinách 30	Na Hlinách 30, Trnava	49	2.2
621016	Gymnázium Angely Merici	Trnava	Hviezdoslavova 10	Hviezdoslavova 10, Trnava	17	3
621017	Športové gymnázium Jozefa Herdu	Trnava	Bottova 31	Bottova 31, Trnava	20	2.1
621018	Súkromné bilingválne gymnázium	Galanta	Hodská 10	Hodská 10, Galanta	4	1.8
621019	Gymnázium Jána Baltazára Magina	Vrbové	Beňovského 358/100	Beňovského 358/100, Vrbové	6	2
621022	Súkromné gymnázium s VJM	Dunajská Streda	Hlavná 21	Hlavná 21, Dunajská Streda	10	—
621503	Stredná zdravotnícka škola	Trnava	Daxnerova 6	Daxnerova 6, Trnava	7	—
623002	Súkromná stredná odborná škola Via Humana	Skalica	Mallého 2	Mallého 2, Skalica	10	2
623005	Stredná odborná škola s VJM - Szakközépiskola	Dunajská Streda	Gyulu Szabóa 21	Gyulu Szabóa 21, Dunajská Streda	1	—
624001	Stredná priemyselná škola stavebná D. S. Jurkoviča	Trnava	Lomonosovova 7	Lomonosovova 7, Trnava	17	—
624501	Stredná priemyselná škola	Trnava	Komenského 1	Komenského 1, Trnava	38	2.2
626103	Obchodná akadémia	Hlohovec	Tehelná 4	Tehelná 4, Hlohovec	1	—
626105	Obchodná akadémia	Trnava	Kukučínova 2	Kukučínova 2, Trnava	5	1.4
628101	Stredná odborná škola technická - Müszaki Szakközépiskola	Dunajská Streda	Kračanská 1240/36	Kračanská 1240/36, Dunajská Streda	3	2.3
628301	Stredná priemyselná škola elektrotechnická	Piešťany	Brezová 2	Brezová 2, Piešťany	41	2
628304	Stredná odborná škola elektrotechnická	Gbely	Učňovská 700/6	Učňovská 700/6, Gbely	1	—
628305	Stredná odborná škola elektrotechnická	Trnava	Sibírska 1	Sibírska 1, Trnava	19	2.5
628401	Stredná priemyselná škola dopravná	Trnava	Študentská 23	Študentská 23, Trnava	6	2.2
631001	Gymnázium Janka Jesenského	Bánovce nad Bebravou	Radlinského 665/2	Radlinského 665/2, Bánovce nad Bebravou	26	1.8
631002	Gymnázium	Dubnica nad Váhom	Školská 2	Školská 2, Dubnica nad Váhom	23	1.5
631003	Spojená škola sv. J. Bosca - Gymnázium	Nová Dubnica	Trenčianska 66/28	Trenčianska 66/28, Nová Dubnica	3	2.7
631004	Gymnázium	Myjava	Jablonská 5/301	Jablonská 5/301, Myjava	22	—
631005	Gymnázium M. R. Štefánika	Nové Mesto nad Váhom	Športová 41	Športová 41, Nové Mesto nad Váhom	21	1.3
631006	Gymnázium sv. Jozefa	Nové Mesto nad Váhom	Klčové 87	Klčové 87, Nové Mesto nad Váhom	6	1.3
631007	Bilingválne slovensko-španielske gymnázium	Nové Mesto nad Váhom	Štúrova ulica 2590/31	Štúrova ulica 2590/31, Nové Mesto nad Váhom	2	1
631008	Gymnázium	Partizánske	Komenského 2/1074	Komenského 2/1074, Partizánske	32	1.9
631009	Gymnázium	Považská Bystrica	Školská 234/8	Školská 234/8, Považská Bystrica	52	1.7
631011	Gymnázium I. Bellu	Handlová	Lipová 15	Lipová 15, Handlová	9	1.7
631012	Spojená škola - Gymnázium	Nováky	Rastislavova 332	Rastislavova 332, Nováky	9	1
631013	Gymnázium V. B. Nedožerského	Prievidza	Matice slovenskej 16	Matice slovenskej 16, Prievidza	59	1.8
631014	Piaristická spojená škola F. Hanáka - Gymnázium	Prievidza	A. Hlinku 44	A. Hlinku 44, Prievidza	5	1.4
631015	Gymnázium	Púchov	1. mája 905	1. mája 905, Púchov	18	1.6
631016	Gymnázium Ľ. Štúra	Trenčín	1. mája 2	1. mája 2, Trenčín	52	2.1
631017	Športové gymnázium	Trenčín	Staničná 6	Staničná 6, Trenčín	4	2.3
631018	Piaristické gymnázium J. Braneckého	Trenčín	Palackého 4	Palackého 4, Trenčín	23	2.3
631020	Súkromné gymnázium FUTURUM	Trenčín	Kožušnícka 2	Kožušnícka 2, Trenčín	3	1
632501	Stredná umelecká škola	Trenčín	Staničná 8	Staničná 8, Trenčín	5	1.2
633001	Stredná odborná škola strojnícka	Bánovce nad Bebravou	Partizánska cesta 76	Partizánska cesta 76, Bánovce nad Bebravou	15	2.4
633004	Stredná odborná škola	Dubnica nad Váhom	Bratislavská 439/18	Bratislavská 439/18, Dubnica nad Váhom	12	1.8
633009	Stredná odborná škola	Stará Turá	Športová 675/1	Športová 675/1, Stará Turá	17	2.4
633015	Stredná odborná škola	Handlová	Lipová 8	Lipová 8, Handlová	7	2
633018	Stredná odborná škola	Púchov	I. Krasku 491	I. Krasku 491, Púchov	14	2.2
633021	Stredná odborná škola	Trenčín	Pod Sokolicami 14	Pod Sokolicami 14, Trenčín	1	—
633201	Stredná odborná škola strojnícka	Považská Bystrica	Športovcov 341/2	Športovcov 341/2, Považská Bystrica	21	2.2
634001	Stredná odborná škola stavebná Emila Belluša	Trenčín	Staničná 4	Staničná 4, Trenčín	4	1.5
634501	Stredná priemyselná škola	Dubnica nad Váhom	Obr. mieru 343/1	Obr. mieru 343/1, Dubnica nad Váhom	15	2.7
634502	Stredná priemyselná škola	Myjava	Ul. SNP 413/8	Ul. SNP 413/8, Myjava	29	2.7
634504	Stredná priemyselná škola	Považská Bystrica	Slovenských partizánov 1132/52	Slovenských partizánov 1132/52, Považská Bystrica	3	2.7
634505	Stredná priemyselná škola	Nové Mesto nad Váhom	Bzinská 11	Bzinská 11, Nové Mesto nad Váhom	6	2.5
636103	Obchodná akadémia	Považská Bystrica	Jesenského 259/6	Jesenského 259/6, Považská Bystrica	5	2.2
636105	Obchodná akadémia	Prievidza	F. Madvu 2	F. Madvu 2, Prievidza	3	—
636106	Obchodná akadémia Milana Hodžu	Trenčín	M. Rázusa 1	M. Rázusa 1, Trenčín	1	—
638601	Stredná odborná škola letecko - technická	Trenčín	Legionárska 160	Legionárska 160, Trenčín	1	—
641001	Gymnázium Ľudovíta Jaroslava Šuleka	Komárno	Pohraničná 10	Pohraničná 10, Komárno	12	1.8
641002	Gymnázium Hansa Selyeho s VJM - Selye János Gimnázium	Komárno	Ul. biskupa Királya 5	Ul. biskupa Királya 5, Komárno	37	1.7
641003	Gymnázium Andreja Vrábla	Levice	Mierová 5	Mierová 5, Levice	54	2.1
641005	Gymnázium s VJM - Gimnázium	Šahy	Mládežnícka 22	Mládežnícka 22, Šahy	7	1.3
641006	Gymnázium	Želiezovce	Štúrova 16	Štúrova 16, Želiezovce	2	2.5
641007	Gymnázium J. A. Komenského s VJM - Comenius Gimnázium	Želiezovce	Štúrova 16	Štúrova 16, Želiezovce	3	1.7
641008	Gymnázium	Nitra	Golianova 68	Golianova 68, Nitra	45	1.6
641009	Gymnázium	Nitra	Parovská 1	Parovská 1, Nitra	53	1.6
641010	Spojená katolícka škola - Gymnázium sv. Cyrila a Metoda	Nitra	Farská 19	Farská 19, Nitra	16	2.3
641011	Piaristická spojená škola sv. Jozefa Kalazanského - Piaristické gymnázium sv. Jozefa Kalazanského	Nitra	Piaristická 6	Piaristická 6, Nitra	17	2.9
641012	Gymnázium	Vráble	Školská 1232/26	Školská 1232/26, Vráble	11	2.6
641013	Gymnázium	Nové Zámky	M. R. Štefánika 16	M. R. Štefánika 16, Nové Zámky	31	1.6
641015	Gymnázium	Šurany	Bernolákova 37	Bernolákova 37, Šurany	15	—
641016	Gymnázium Juraja Fándlyho	Šaľa	Školská 3	Školská 3, Šaľa	18	1.8
641017	Gymnázium	Topoľčany	Ul. 17. novembra 1180/16	Ul. 17. novembra 1180/16, Topoľčany	28	2.1
641018	Gymnázium sv. Vincenta de Paul	Topoľčany	Ul. 17. novembra 1056	Ul. 17. novembra 1056, Topoľčany	1	—
641019	Gymnázium Janka Kráľa	Zlaté Moravce	SNP 3	SNP 3, Zlaté Moravce	12	1.2
641021	Gymnázium P. Czeglédiho Reformovanej kresťanskej cirkvi s VJM	Levice	J. Jesenského 41	J. Jesenského 41, Levice	1	—
641022	Spojená škola - Športové gymnázium	Nitra	Slančíkovej 2	Slančíkovej 2, Nitra	13	2.2
641023	Gymnázium P. Pázmáňa s VJM - Pázmány Péter Gimnázium	Nové Zámky	Letomostie 3	Letomostie 3, Nové Zámky	10	1.1
641024	Katolícka spojená škola sv. Vincenta de Paul - Gymnázium sv. Vincenta de Paul	Levice	Saratovská 87	Saratovská 87, Levice	5	1.8
641029	Katolícka spojená škola F. Fegyvernekiho s VJM - Cirkevné gymnázium F. Fegyvernekiho s VJM	Šahy	SNP 4	SNP 4, Šahy	3	1.3
643012	Stredná odborná škola techniky a služieb	Topoľčany	Tovarnícka 1609	Tovarnícka 1609, Topoľčany	1	—
643023	Stredná odborná škola technická - Műszaki Szakközépiskola	Komárno	Bratislavská 10	Bratislavská 10, Komárno	3	1.7
644001	Stredná priemyselná škola stavebná - Építőipari Szakközépiskola	Hurbanovo	Konkolyho 8	Konkolyho 8, Hurbanovo	20	2.3
644002	Stredná priemyselná škola stavebná	Nitra	Cabajská 4	Cabajská 4, Nitra	5	1.4
644501	Stredná priemyselná škola	Komárno	Petöfiho 2	Petöfiho 2, Komárno	55	2.8
644503	Stredná priemyselná škola strojnícka a elektrotechnická	Nitra	Fr. Kráľa 20	Fr. Kráľa 20, Nitra	5	1.4
644504	Spojená škola - Stredná priemyselná škola	Šaľa	Nivy 2	Nivy 2, Šaľa	1	—
646001	Spojená škola - Hotelová akadémia	Nitra	Slančíkovej 2	Slančíkovej 2, Nitra	1	—
646105	Obchodná akadémia	Topoľčany	Inovecká 2041	Inovecká 2041, Topoľčany	5	1.8
648102	Stredná odborná škola technická	Šurany	Nitrianska 61	Nitrianska 61, Šurany	4	1.3
648202	Stredná odborná škola polytechnická	Zlaté Moravce	SNP 2	SNP 2, Zlaté Moravce	1	—
648301	Spojená škola - Stredná priemyselná škola elektrotechnická S. A. Jedlika	Nové Zámky	Komárňanská 28	Komárňanská 28, Nové Zámky	19	2.2
651001	Gymnázium	Bytča	Štefánikova 219/4	Štefánikova 219/4, Bytča	15	1.7
651002	Gymnázium Jozefa Miloslava Hurbana	Čadca	17. novembra 1296	17. novembra 1296, Čadca	42	1.9
651003	Gymnázium	Turzovka	Ľ. Štúra 35	Ľ. Štúra 35, Turzovka	11	2.9
651004	Gymnázium P. O. Hviezdoslava	Dolný Kubín	Hviezdoslavovo námestie 18	Hviezdoslavovo námestie 18, Dolný Kubín	40	2.2
651006	Cirkevné gymnázium Andreja Radlinského	Dolný Kubín	Okružná 2062/25	Okružná 2062/25, Dolný Kubín	8	1
651007	Gymnázium	Kysucké Nové Mesto	Jesenského 2243	Jesenského 2243, Kysucké Nové Mesto	25	—
651008	Gymnázium	Liptovský Hrádok	Hradná 497/23	Hradná 497/23, Liptovský Hrádok	14	1.8
651009	Gymnázium Michala Miloslava Hodžu	Liptovský Mikuláš	M. M. Hodžu 860/9	M. M. Hodžu 860/9, Liptovský Mikuláš	22	2
651010	Evanjelická spojená škola - Evanjelické gymnázium J. Tranovského	Liptovský Mikuláš	Komenského 10	Komenského 10, Liptovský Mikuláš	7	1.6
651011	Gymnázium Jozefa Lettricha	Martin	Lettricha 2	Lettricha 2, Martin	21	1.9
651012	Gymnázium Viliama Paulinyho - Tótha	Martin	Malá hora 3	Malá hora 3, Martin	28	1.6
651013	Bilingválne gymnázium Milana Hodžu	Sučany	Komenského 215	Komenského 215, Sučany	14	1.6
651014	Spojená škola - Gymnázium J. C. Hronského	Vrútky	M. R. Štefánika 1	M. R. Štefánika 1, Vrútky	2	1
651015	Gymnázium Antona Bernoláka	Námestovo	Mieru 307/23	Mieru 307/23, Námestovo	78	2.2
651016	Gymnázium	Ružomberok	Š. Moyzesa 21	Š. Moyzesa 21, Ružomberok	35	1.9
651017	Gymnázium sv. Andreja	Ružomberok	Námestie A. Hlinku 5	Námestie A. Hlinku 5, Ružomberok	28	2.3
651019	Spojená škola - Gymnázium M. Galandu	Turčianske Teplice	Horné Rakovce 1440/29	Horné Rakovce 1440/29, Turčianske Teplice	3	2.7
651020	Gymnázium Martina Hattalu	Trstená	Železničiarov 278	Železničiarov 278, Trstená	72	1.8
651021	Gymnázium	Tvrdošín	Školská 837	Školská 837, Tvrdošín	13	1.3
651022	Gymnázium	Rajec	Javorová 5	Javorová 5, Rajec	3	1.7
651023	Katolícka spojená škola	Rajec	Námestie A. Škrábika 5	Námestie A. Škrábika 5, Rajec	5	1
651024	Gymnázium	Žilina	Hlinská 29	Hlinská 29, Žilina	29	3.2
651025	Gymnázium	Žilina	Veľká okružná 22	Veľká okružná 22, Žilina	55	2.2
651026	Gymnázium sv. Františka z Assisi	Žilina	J. M. Hurbana 44	J. M. Hurbana 44, Žilina	20	1.8
651027	Gymnázium	Žilina	Varšavská cesta 1	Varšavská cesta 1, Žilina	17	1.4
651028	Gymnázium bilingválne	Žilina	T. Ružičku 3	T. Ružičku 3, Žilina	12	2.3
651029	Spojená škola - Športové gymnázium	Žilina	Rosinská cesta 4	Rosinská cesta 4, Žilina	10	1.3
651031	Spojená škola KP - Gymnázium Kráľovnej pokoja	Žilina	Na Závaží 2	Na Závaží 2, Žilina	5	1.4
651032	Súkromné bilingválne gymnázium	Ružomberok	Bystrická cesta 174/5	Bystrická cesta 174/5, Ružomberok	3	1.3
651033	Evanjelická spojená škola - Evanjelické gymnázium	Martin	M. R. Štefánika 17	M. R. Štefánika 17, Martin	5	2.8
653004	Stredná odborná škola	Námestovo	Hattalova 968/33	Hattalova 968/33, Námestovo	14	2.4
653008	Súkromná stredná odborná škola	Žilina	Saleziánska 18	Saleziánska 18, Žilina	2	2.5
653201	Stredná odborná škola strojnícka	Kysucké Nové Mesto	Športová 1326	Športová 1326, Kysucké Nové Mesto	15	1.5
653202	Spojená škola	Martin	Červenej armády 25	Červenej armády 25, Martin	6	2.7
654003	Stredná priemyselná škola stavebná	Žilina	Veľká Okružná 25	Veľká Okružná 25, Žilina	29	2.3
654501	Spojená škola	Kysucké Nové Mesto	Nábrežná 1325	Nábrežná 1325, Kysucké Nové Mesto	54	—
654502	Stredná priemyselná škola	Martin	Novomeského 5/24	Novomeského 5/24, Martin	12	2.5
654503	Spojená škola - Stredná priemyselná škola a Obchodná akadémia	Tvrdošín	Sídl. Medvedzie I. 133/1	Sídl. Medvedzie I. 133/1, Tvrdošín	12	2.1
655101	Stredná odborná škola poľnohospodárstva a služieb na vidieku	Žilina	Predmestská 82	Predmestská 82, Žilina	7	2
656002	Súkromná Spojená škola EDUCO	Námestovo	Slanická Osada 2178	Slanická Osada 2178, Námestovo	4	2.5
656101	Obchodná akadémia Dušana Metoda Janotu	Čadca	17. novembra 2701	17. novembra 2701, Čadca	1	—
656102	Obchodná akadémia	Dolný Kubín	Radlinského 1725/55	Radlinského 1725/55, Dolný Kubín	14	1.8
656104	Obchodná akadémia	Liptovský Mikuláš	Nábrežie K. Petroviča 1571	Nábrežie K. Petroviča 1571, Liptovský Mikuláš	9	—
656110	Obchodná akadémia	Žilina	Veľká Okružná 32	Veľká Okružná 32, Žilina	2	2
656112	Súkromná obchodná akadémia	Žilina	Jarná 13	Jarná 13, Žilina	3	1.7
658103	Stredná odborná škola technická	Námestovo	Komenského 496/37	Komenského 496/37, Námestovo	26	2.5
658104	Spojená škola	Nižná	Hattalova 471	Hattalova 471, Nižná	12	2.1
658203	Stredná odborná škola polytechnická	Ružomberok	Sládkovičova ulica 104	Sládkovičova ulica 104, Ružomberok	8	2
658301	Stredná odborná škola elektrotechnická	Liptovský Hrádok	Celiny 536	Celiny 536, Liptovský Hrádok	16	1.4
658302	Stredná odborná škola elektrotechnická	Žilina	Komenského 50	Komenského 50, Žilina	9	2.1
658401	Stredná odborná škola dopravná	Martin	Zelená 2	Zelená 2, Martin	3	1.7
661001	Gymnázium A. Sládkoviča	Banská Bystrica	Komenského 18	Komenského 18, Banská Bystrica	37	2.3
661002	Gymnázium J. G. Tajovského	Banská Bystrica	Tajovského 25	Tajovského 25, Banská Bystrica	69	1.6
661003	Gymnázium M. Kováča	Banská Bystrica	Mládežnícka 51	Mládežnícka 51, Banská Bystrica	2	3
661005	Športové gymnázium	Banská Bystrica	Trieda SNP 54	Trieda SNP 54, Banská Bystrica	4	—
661007	Katolícke gymnázium Š. Moysesa	Banská Bystrica	Hurbanova 9	Hurbanova 9, Banská Bystrica	8	2.1
661008	Evanjelické gymnázium	Banská Bystrica	Skuteckého 5	Skuteckého 5, Banská Bystrica	5	1.2
661015	Gymnázium A. Kmeťa	Banská Štiavnica	Kolpašská 1738/9	Kolpašská 1738/9, Banská Štiavnica	26	1.6
661020	Gymnázium J. Chalupku	Brezno	Štúrova 13	Štúrova 13, Brezno	16	2.5
661023	Súkromné gymnázium	Podbrezová	Družby 554/64	Družby 554/64, Podbrezová	11	3
661025	Gymnázium	Detva	Štúrova 849	Štúrova 849, Detva	13	—
661028	Gymnázium A. Sládkoviča	Krupina	M. R. Štefánika 8	M. R. Štefánika 8, Krupina	7	—
661031	Gymnázium - Gimnázium	Fiľakovo	Námestie padlých hrdinov 2	Námestie padlých hrdinov 2, Fiľakovo	15	2
661034	Gymnázium B. S. Timravy	Lučenec	Haličská cesta 9	Haličská cesta 9, Lučenec	31	2.2
661036	Súkromné gymnázium	Lučenec	Gemerská cesta 1	Gemerská cesta 1, Lučenec	1	—
661042	Gymnázium M. Kukučína	Revúca	Clementisova 1166	Clementisova 1166, Revúca	18	1.3
661045	Gymnázium - Gimnázium	Tornaľa	Hurbanova 34	Hurbanova 34, Tornaľa	8	2.1
661048	Gymnázium Mateja Hrebendu	Hnúšťa	Hlavná 431	Hlavná 431, Hnúšťa	5	1.2
661051	Gymnázium Ivana Kraska - Ivan Krasko Gimnázium	Rimavská Sobota	P. Hostinského 3	P. Hostinského 3, Rimavská Sobota	18	2
661054	Gymnázium M. Tompu RKC s VJM	Rimavská Sobota	Daxnerova 42	Daxnerova 42, Rimavská Sobota	3	1.7
661057	Evanjelické gymnázium	Tisovec	Jesenského 836	Jesenského 836, Tisovec	9	—
661060	Gymnázium A. H. Škultétyho	Veľký Krtíš	Školská 21	Školská 21, Veľký Krtíš	20	1.4
661064	Gymnázium Ľudovíta Štúra	Zvolen	Hronská 1467/3	Hronská 1467/3, Zvolen	37	2.2
661068	Súkromné gymnázium	Zvolen	Jesenského 42	Jesenského 42, Zvolen	1	—
661071	Gymnázium F. Švantnera	Nová Baňa	Bernolákova 9	Bernolákova 9, Nová Baňa	15	1.7
661083	Gymnázium Milana Rúfusa	Žiar nad Hronom	J. Kollára 2	J. Kollára 2, Žiar nad Hronom	36	2.1
663074	Stredná odborná škola	Veľký Krtíš	Poľná 10	Poľná 10, Veľký Krtíš	1	—
663090	Stredná odborná škola	Žarnovica	Bystrická 4	Bystrická 4, Žarnovica	1	—
663110	Súkromná stredná odborná škola hutnícka ŽP	Podbrezová	Družby 554/64	Družby 554/64, Podbrezová	4	1.3
664001	Spojená škola - Stredná odborná škola stavebná	Banská Bystrica	Kremnička 10	Kremnička 10, Banská Bystrica	4	2.3
664002	Spojená škola - Stredná priemyselná škola stavebná	Banská Bystrica	Kremnička 10	Kremnička 10, Banská Bystrica	4	1.8
664013	Stredná priemyselná škola stavebná O. Winklera	Lučenec	B. Nemcovej 1	B. Nemcovej 1, Lučenec	4	—
664501	Stredná priemyselná škola J. Murgaša	Banská Bystrica	Hurbanova 6	Hurbanova 6, Banská Bystrica	83	2.1
664506	Stredná priemyselná škola S. Mikovíniho	Banská Štiavnica	Akademická 13	Akademická 13, Banská Štiavnica	6	1.7
664701	Stredná odborná škola informačných technológií	Banská Bystrica	Tajovského 30	Tajovského 30, Banská Bystrica	5	1.4
666101	Obchodná akadémia	Banská Bystrica	Tajovského 25	Tajovského 25, Banská Bystrica	10	1.5
668301	Spojená škola - Stredná odborná škola elektrotechnická	Banská Bystrica	Zvolenská cesta 18	Zvolenská cesta 18, Banská Bystrica	6	2.5
668940	Technická akadémia	Zvolen	J. Švermu 1	J. Švermu 1, Zvolen	5	1.8
671001	Gymnázium Leonarda Stöckela	Bardejov	Jiráskova 12	Jiráskova 12, Bardejov	41	1.8
671002	Spojená škola Juraja Henischa - Gymnázium	Bardejov	Slovenská 5	Slovenská 5, Bardejov	13	2
671003	Cirkevná spojená škola - Gymnázium sv. Jána Bosca	Bardejov	Jiráskova 5	Jiráskova 5, Bardejov	2	1.5
671004	Súkromné gymnázium	Bardejov	Ul. 29. augusta 4	Ul. 29. augusta 4, Bardejov	11	2.2
671007	Gymnázium sv. Cyrila a Metoda	Humenné	Duchnovičova 24	Duchnovičova 24, Humenné	4	2
671008	Gymnázium arm. gen. L. Svobodu	Humenné	Komenského 4	Komenského 4, Humenné	39	1.9
671009	Gymnázium sv. Jána Zlatoústeho	Humenné	Lesná 28	Lesná 28, Humenné	6	1.8
671011	Gymnázium P. O. Hviezdoslava	Kežmarok	Hviezdoslavova 20	Hviezdoslavova 20, Kežmarok	19	2.2
671012	Spojená škola - Gymnázium	Spišská Stará Ves	SNP 3/5	SNP 3/5, Spišská Stará Ves	6	2
671015	Gymnázium J. Francisciho - Rimavského	Levoča	Kláštorská 37	Kláštorská 37, Levoča	11	2.2
671016	Gymnázium sv. Františka Assiského	Levoča	Kláštorská 24	Kláštorská 24, Levoča	13	2.2
671019	Gymnázium	Medzilaborce	Duchnovičova 13	Duchnovičova 13, Medzilaborce	12	1.5
671021	Súkromné gymnázium	Poprad	Rovná 597/15	Rovná 597/15, Poprad	2	2.5
671022	Spojená škola - Gymnázium	Poprad	Dominika Tatarku 4666/7	Dominika Tatarku 4666/7, Poprad	31	1.6
671023	Gymnázium	Poprad	Kukučinova 4239/1	Kukučinova 4239/1, Poprad	43	2.1
671024	Cirkevné gymnázium P. U. Olivu	Poprad	Dlhé hony 3522	Dlhé hony 3522, Poprad	4	1.3
671027	Spojená škola Tarasa Ševčenka - Gymnázium	Prešov	Sládkovičova 4	Sládkovičova 4, Prešov	3	1
671028	Katolícka spojená škola sv. Mikuláša - Gymnázium sv. Mikuláša	Prešov	Duklianska 16	Duklianska 16, Prešov	12	2.4
671029	Gymnázium	Prešov	Konštantínova 2	Konštantínova 2, Prešov	41	1.7
671030	Gymnázium sv. Moniky	Prešov	Tarasa Ševčenka 1	Tarasa Ševčenka 1, Prešov	26	1.7
671031	Evanjelická spojená škola - Evanjelické kolegiálne gymnázium	Prešov	Námestie legionárov 3	Námestie legionárov 3, Prešov	10	2.1
671032	Gymnázium J. A. Raymana	Prešov	Mudroňova 20	Mudroňova 20, Prešov	47	1.5
671034	Súkromná spojená škola European English School - Súkromné gymnázium	Prešov	Solivarská 28	Solivarská 28, Prešov	6	1.7
671035	Gymnázium bl. Pavla Petra Gojdiča	Prešov	Bernolákova 21	Bernolákova 21, Prešov	10	2.3
671036	Súkromné športové gymnázium ELBA	Prešov	Smetanova 2	Smetanova 2, Prešov	2	2
671041	Gymnázium	Lipany	Komenského 13	Komenského 13, Lipany	33	1.8
671042	Súkromné Gymnázium DSA	Sabinov	Komenského 40	Komenského 40, Sabinov	7	2.9
671045	Gymnázium	Snina	Študentská 4	Študentská 4, Snina	10	1.7
671046	Cirkevná spojená škola - Gymnázium sv. Cyrila a Metoda	Snina	Švermova 10	Švermova 10, Snina	4	1.5
671050	Gymnázium Terézie Vansovej	Stará Ľubovňa	17. novembra 6	17. novembra 6, Stará Ľubovňa	30	1.8
671051	Cirkevné gymnázium sv. Mikuláša	Stará Ľubovňa	Štúrova 3	Štúrova 3, Stará Ľubovňa	13	1.6
671054	Gymnázium	Stropkov	Konštantínova 1751/64	Konštantínova 1751/64, Stropkov	16	2.3
671056	Gymnázium	Giraltovce	Dukelská 30	Dukelská 30, Giraltovce	10	1.7
671057	Gymnázium duklianskych hrdinov	Svidník	Komenského 16	Komenského 16, Svidník	11	2.1
671062	Gymnázium	Vranov nad Topľou	Dr. C. Daxnera 88	Dr. C. Daxnera 88, Vranov nad Topľou	39	2.1
671063	Cirkevná spojená škola - Gymnázium	Vranov nad Topľou	Školská 650	Školská 650, Vranov nad Topľou	6	2
673026	Súkromná stredná odborná škola	Poprad	Ul. 29. augusta 4812	Ul. 29. augusta 4812, Poprad	14	1.1
673043	Spojená škola - Stredná odborná škola	Sabinov	SNP 16	SNP 16, Sabinov	2	2
673707	Stredná odborná škola drevárska	Vranov nad Topľou	Lúčna 1055	Lúčna 1055, Vranov nad Topľou	2	2
674007	Stredná priemyselná škola stavebná	Prešov	Plzenská 10	Plzenská 10, Prešov	16	1.7
674501	Stredná priemyselná škola	Bardejov	Komenského 5	Komenského 5, Bardejov	11	1.9
674511	Stredná priemyselná škola	Poprad	Mnoheľova 828	Mnoheľova 828, Poprad	16	1.9
674522	Stredná priemyselná škola	Snina	Partizánska 1059/23	Partizánska 1059/23, Snina	10	2.1
676004	Hotelová akadémia	Humenné	Štefánikova 28	Štefánikova 28, Humenné	3	1.7
676013	Hotelová akadémia	Prešov	Baštová 32	Baštová 32, Prešov	4	2
676101	Obchodná akadémia	Bardejov	Komenského 5	Komenského 5, Bardejov	6	1
676110	Obchodná akadémia	Poprad	Murgašova 94	Murgašova 94, Poprad	4	1.8
676116	Obchodná akadémia	Prešov	Volgogradská 3	Volgogradská 3, Prešov	6	1.5
676123	Obchodná akadémia	Stará Ľubovňa	Jarmočná 132	Jarmočná 132, Stará Ľubovňa	1	—
676127	Spojená škola - Obchodná akadémia	Svidník	Centrálna 464	Centrálna 464, Svidník	1	—
678104	Stredná odborná škola technická	Humenné	Družstevná 1737	Družstevná 1737, Humenné	22	2.4
678116	Stredná odborná škola technická	Poprad	Kukučínova 483/12	Kukučínova 483/12, Poprad	2	1.5
678119	Spojená škola - Stredná odborná škola technická	Prešov	Ľ. Podjavorinskej 22	Ľ. Podjavorinskej 22, Prešov	1	—
678120	Stredná odborná škola technická	Prešov	Volgogradská 1	Volgogradská 1, Prešov	2	2.5
678128	Stredná odborná škola technická	Stará Ľubovňa	Levočská 40	Levočská 40, Stará Ľubovňa	2	3
678204	Stredná odborná škola polytechnická	Humenné	Štefánikova 1550/20	Štefánikova 1550/20, Humenné	12	1.7
678316	Stredná odborná škola elektrotechnická	Poprad	Hlavná 1400/1	Hlavná 1400/1, Poprad	1	—
678318	Stredná priemyselná škola elektrotechnická	Prešov	Plzenská 1	Plzenská 1, Prešov	110	2.4
681001	Gymnázium	Gelnica	SNP 1	SNP 1, Gelnica	4	2
681003	Súkromné športové gymnázium	Košice	Užhorodská 39	Užhorodská 39, Košice	2	2
681004	Gymnázium Milana Rastislava Štefánika	Košice	Námestie L. Novomeského 4	Námestie L. Novomeského 4, Košice	6	1.5
681005	Gymnázium a ZŠ Sándora Máraiho s VJM - Márai Sándor Magyar Tanítási Nyelvű Gimnázium és Alapiskola	Košice	Kuzmányho 6	Kuzmányho 6, Košice	9	1.3
681006	Gymnázium	Košice	Poštová 9	Poštová 9, Košice	53	1.7
681007	Gymnázium sv. Tomáša Akvinského	Košice	Zbrojničná 3	Zbrojničná 3, Košice	33	2.5
681008	Gymnázium	Košice	Šrobárova 1	Šrobárova 1, Košice	43	2.3
681014	Súkromné gymnázium	Košice	Katkin park 2	Katkin park 2, Košice	3	2.7
681015	Športové gymnázium	Košice	Trieda SNP 104	Trieda SNP 104, Košice	9	1.9
681016	Gymnázium	Košice	Trebišovská 12	Trebišovská 12, Košice	27	1.9
681017	Gymnázium	Košice	Park mládeže 5	Park mládeže 5, Košice	34	2.3
681018	Spojená škola - Gymnázium sv. Košických mučeníkov	Košice	Čordákova 50	Čordákova 50, Košice	4	2.3
681022	Gymnázium sv. Edity Steinovej	Košice	Charkovská 1	Charkovská 1, Košice	22	1.8
681025	Gymnázium	Košice	Alejová 1	Alejová 1, Košice	46	1.8
681026	Súkromné gymnázium	Košice	Dneperská 1	Dneperská 1, Košice	9	1.7
681027	Evanjelické gymnázium Jána Ámosa Komenského	Košice	Škultétyho 10	Škultétyho 10, Košice	46	2.1
681028	Gymnázium	Košice	Opatovská cesta 7	Opatovská cesta 7, Košice	11	2.5
681032	Gymnázium Štefana Moysesa	Moldava nad Bodvou	Školská 13	Školská 13, Moldava nad Bodvou	4	1.8
681035	Gymnázium Pavla Horova	Michalovce	Masarykova 1	Masarykova 1, Michalovce	49	1.9
681036	Gymnázium	Michalovce	Ľ. Štúra 26	Ľ. Štúra 26, Michalovce	20	2
681037	Gymnázium - Gimnázium	Veľké Kapušany	Zoltána Fábryho 1	Zoltána Fábryho 1, Veľké Kapušany	6	2.2
681041	Gymnázium P. J. Šafárika - P. J. Šafárik Gimnázium	Rožňava	Ul. akademika Hronca 1	Ul. akademika Hronca 1, Rožňava	15	—
681044	Gymnázium	Sobrance	Kpt. Nálepku 6	Kpt. Nálepku 6, Sobrance	12	1.3
681047	Gymnázium	Krompachy	Lorencova 46	Lorencova 46, Krompachy	14	2.5
681048	Gymnázium	Spišská Nová Ves	Javorová 16	Javorová 16, Spišská Nová Ves	18	—
681049	Gymnázium	Spišská Nová Ves	Školská 7	Školská 7, Spišská Nová Ves	40	1.8
681050	Cirkevné gymnázium Štefana Mišíka	Spišská Nová Ves	Radničné námestie 271/8	Radničné námestie 271/8, Spišská Nová Ves	3	2
681054	Gymnázium - Gimnázium	Kráľovský Chlmec	Horešská 18	Horešská 18, Kráľovský Chlmec	18	2.1
681055	Spojená škola - Gymnázium	Sečovce	Kollárova 17	Kollárova 17, Sečovce	7	1.7
681056	Gymnázium	Trebišov	Komenského 32	Komenského 32, Trebišov	23	—
681057	Cirkevné gymnázium sv. Jána Krstiteľa	Trebišov	M. R. Štefánika 9	M. R. Štefánika 9, Trebišov	16	—
681058	Súkromné gymnázium FUTURUM	Košice	Grešákova 1	Grešákova 1, Košice	2	2
681059	Premonštrátske gymnázium	Košice	Kováčska 28	Kováčska 28, Košice	8	1.9
683003	Stredná odborná škola Jozefa Szakkayho - Szakkay József Szakközépiskola	Košice	Grešákova 1	Grešákova 1, Košice	1	—
683007	Stredná odborná škola	Košice	Učňovská 5	Učňovská 5, Košice	9	—
683010	Súkromná stredná odborná škola	Košice	Postupimská 37	Postupimská 37, Košice	1	—
683018	Stredná odborná škola	Košice	Ostrovského 1	Ostrovského 1, Košice	9	2.6
683031	Stredná odborná škola technická	Rožňava	Hviezdoslavova 5	Hviezdoslavova 5, Rožňava	5	1.4
683205	Stredná priemyselná škola strojnícka	Košice	Komenského 2	Komenského 2, Košice	9	2.2
683209	Technická akadémia	Spišská Nová Ves	Hviezdoslavova 6	Hviezdoslavova 6, Spišská Nová Ves	24	2.6
684102	Stredná priemyselná škola stavebná a geodetická	Košice	Lermontovova 1	Lermontovova 1, Košice	7	1.3
686103	Obchodná akadémia	Košice	Watsonova 61	Watsonova 61, Košice	33	—
686117	Obchodná akadémia	Michalovce	Kapušianska 2	Kapušianska 2, Michalovce	12	1.4
686120	Obchodná akadémia	Rožňava	Akademika Hronca 8	Akademika Hronca 8, Rožňava	8	—
686127	Obchodná akadémia	Trebišov	Komenského 3425/18	Komenského 3425/18, Trebišov	16	2
686213	Stredná odborná škola ekonomická	Spišská Nová Ves	Stojan 1	Stojan 1, Spišská Nová Ves	10	1.6
688129	Stredná odborná škola technická	Košice	Kukučínova 23	Kukučínova 23, Košice	5	1.4
688132	Stredná odborná škola technická	Michalovce	Partizánska 1	Partizánska 1, Michalovce	18	2.4
688303	Stredná priemyselná škola elektrotechnická	Košice	Komenského 44	Komenského 44, Košice	21	1.7
688403	Stredná priemyselná škola dopravná	Košice	Hlavná 113	Hlavná 113, Košice	5	1